Lypla1	1	4807788	4848410
Tcea1	1	4857814	4897909
Atp6v1h	1	5070018	5162529
Rb1cc1	1	6206197	6276648
Pcmtd1	1	7088920	7173628
Rrs1	1	9545408	9547455
Mybl1	1	9667415	9700209
Vcpip1	1	9718622	9748382
Sgk3	1	9798107	9900845
Mcmdc2	1	9908638	9942085
Cops5	1	10024601	10038168
Cspp1	1	10037987	10136768
Arfgef1	1	10137571	10232670
Sulf1	1	12692277	12861192
Ncoa2	1	13139105	13374083
Tram1	1	13564698	13589910
Lactb2	1	13623330	13660546
Eya1	1	14168954	14310235
Terf1	1	15805646	15844052
Rdh10	1	16105774	16133734
Stau2	1	16228674	16520112
Ube2w	1	16540790	16619489
Eloc	1	16641725	16657042
Tmem70	1	16665207	16678275
Ly96	1	16688051	16709611
Pkhd1	1	20057779	20618064
Mcm3	1	20802968	20820312
Paqr8	1	20890606	20939650
Tram2	1	20996299	21079229
Tmem14a	1	21218575	21230167
Gsta3	1	21240589	21265661
Ogfrl1	1	23366424	23397772
Smap1	1	23844846	23922317
Sdhaf4	1	23995939	24005656
Fam135a	1	24011093	24100341
Col19a1	1	24261890	24587472
Lmbrd1	1	24678630	24766301
Phf3	1	30802339	30873921
Ptp4a1	1	30940302	30949770
Prim2	1	33453810	33669795
Rab23	1	33719887	33742564
Bag2	1	33745484	33757795
Zfp451	1	33761545	33814595
Dst	1	33908225	34308661
Ccdc115	1	34436670	34439672
Imp4	1	34439851	34449356
Ptpn18	1	34459762	34475733
Fam168b	1	34813219	34843065
Plekhb2	1	34849976	34879580
Hs6st1	1	36068400	36106446
Uggt1	1	36140027	36244720
Neurl3	1	36264597	36274679
Arid5a	1	36307733	36324029
Kansl3	1	36335730	36369181
Lman2l	1	36419871	36445271
Cnnm4	1	36471620	36508764
Cnnm3	1	36511867	36528237
Ankrd39	1	36537507	36547445
Sema4c	1	36548639	36558349
Cox5b	1	36691449	36693681
Actr1b	1	36698114	36714422
Zap70	1	36761798	36782818
Tmem131	1	36792191	36943666
Inpp4a	1	37299865	37410736
Coa5	1	37417084	37430103
Unc50	1	37430139	37439124
Mgat4a	1	37439340	37541016
2010300C02Rik	1	37611677	37720085
Tsga10	1	37754776	37866429
Lipt1	1	37871738	37876228
Mitd1	1	37874801	37890411
Txndc9	1	37985189	37997893
Eif5b	1	37998010	38055579
Rev1	1	38052786	38129801
Aff3	1	38177326	38664955
Chst10	1	38863867	38898161
Pdcl3	1	38985608	38997238
Npas2	1	39193731	39363236
Tbc1d8	1	39371492	39478755
Cnot11	1	39534992	39546889
Rnf149	1	39551296	39577405
Map4k4	1	39900913	40026310
Il1r2	1	40074079	40125231
Il1r1	1	40225080	40317257
Il1rl2	1	40324610	40367562
Il1rl1	1	40429570	40465415
Il18r1	1	40465552	40500854
Il18rap	1	40515362	40551705
Slc9a4	1	40580081	40630725
Slc9a2	1	40680574	40769273
Mfsd9	1	40772038	40790687
Tgfbrap1	1	43047200	43098637
AI597479	1	43098710	43115947
Fhl2	1	43123074	43196984
Nck2	1	43444579	43570515
Uxs1	1	43746966	43827800
Tpp2	1	43933647	44003000
Tex30	1	44086613	44102441
Kdelc1	1	44106546	44118808
Bivm	1	44118957	44144770
Ercc5	1	44147744	44181260
Col3a1	1	45311538	45349706
Col5a2	1	45374321	45503282
Wdr75	1	45795166	45823619
Slc40a1	1	45908068	45926523
Slc39a10	1	46807544	46892852
Tmeff2	1	50900647	51187270
Nabp1	1	51465862	51478425
Myo1b	1	51749765	51916071
Stat4	1	51987148	52107189
Stat1	1	52119440	52161865
Gls	1	52163448	52233232
Nab1	1	52457294	52500679
Nemp2	1	52630703	52651919
Mfsd6	1	52656286	52727462
Inpp1	1	52785427	52817688
Hibch	1	52844929	52920986
Pms1	1	53189187	53297018
Ormdl1	1	53297095	53310309
Osgepl1	1	53313624	53326343
Asnsd1	1	53344617	53352752
Stk17b	1	53755506	53785224
Gtf3c3	1	54396004	54438971
Pgap1	1	54472994	54557684
Ankrd44	1	54645340	54926387
Sf3b1	1	54985169	55027481
Coq10b	1	55052770	55072702
Hspd1	1	55077835	55088243
Hspe1	1	55088132	55091307
Mob4	1	55131231	55154899
Mars2	1	55237177	55248470
Plcl1	1	55405921	55754285
Satb2	1	56793981	56978650
1700066M21Rik	1	57377620	57385423
Tyw5	1	57388237	57407101
Maip1	1	57406328	57417953
Spats2l	1	57774162	57948394
Kctd18	1	57955101	58018956
Aox1	1	58029931	58106413
Bzw1	1	58392898	58407353
Clk1	1	58410189	58424066
Ppil3	1	58430994	58445486
Nif3l1	1	58445151	58481816
Orc2	1	58462771	58505109
Fam126b	1	58522806	58586323
Ndufb3	1	58586384	58595964
Cflar	1	58711508	58758884
Casp8	1	58795374	58847503
Trak2	1	58900449	58973430
Stradb	1	58973522	58995715
Tmem237	1	59100590	59120408
Als2	1	59162926	59237231
Fzd7	1	59482424	59486955
Sumo1	1	59586558	59670834
Nop58	1	59684971	59719044
Bmpr2	1	59763400	59879014
Fam117b	1	59913006	59985346
Wdr12	1	60069785	60098645
Carf	1	60098247	60153953
Nbeal1	1	60180599	60338328
Cyp20a1	1	60343323	60388060
Abi2	1	60409619	60481158
Raph1	1	60482292	60567104
Cd28	1	60716800	60773359
Ctla4	1	60887000	60915832
Icos	1	60977927	61000320
Pard3b	1	61638824	62642284
Nrp2	1	62703285	62818695
Ino80d	1	62958418	63114667
Ndufs1	1	63143596	63176833
Eef1b2	1	63176825	63180486
Fastkd2	1	63730614	63754655
Klf7	1	64029447	64122282
Creb1	1	64532645	64604548
Mettl21a	1	64606473	64617242
Ccnyl1	1	64690455	64725644
Fzd5	1	64730558	64737751
Plekhm3	1	64785983	64956824
Idh1	1	65158616	65186500
Pikfyve	1	65186683	65278695
Map2	1	66175273	66442583
Rpe	1	66700831	66719805
Kansl1l	1	66719248	66817562
Acadl	1	66830839	66863277
Lancl1	1	67000517	67038872
Ikzf2	1	69531214	69687245
Bard1	1	71027498	71103146
Atic	1	71557150	71579631
Fn1	1	71585520	71653200
Pecr	1	72259167	72284314
Xrcc5	1	72307427	72394952
Smarcal1	1	72583251	72633134
Igfbp5	1	72857932	72874884
Tns1	1	73910231	74124449
Rufy4	1	74125541	74148223
Cxcr2	1	74153989	74161246
Arpc2	1	74236084	74268209
Aamp	1	74279840	74284738
Pnkd	1	74284930	74353694
Tmbim1	1	74288247	74305622
Slc11a1	1	74375195	74386062
Ctdsp1	1	74391509	74397285
Vil1	1	74409376	74435559
Usp37	1	74435511	74544284
Cnot9	1	74506058	74530842
Zfp142	1	74565127	74588246
Bcs1l	1	74588289	74592443
Rnf25	1	74593748	74601397
Ttll4	1	74661745	74703730
Cyp27a1	1	74713574	74737892
Wnt10a	1	74791516	74804179
Ihh	1	74945315	74951672
Nhej1	1	74967139	75125200
Cnppd1	1	75134554	75142711
Zfand2b	1	75168646	75171629
Abcb6	1	75171717	75180392
Atg9a	1	75180860	75192196
Ankzf1	1	75192151	75199387
Glb1l	1	75198236	75210813
Stk16	1	75210838	75215606
Tuba4a	1	75214228	75219865
Dnajb2	1	75236406	75245692
Ptprn	1	75247027	75264502
Dnpep	1	75307896	75317990
Des	1	75360329	75368579
Gmppa	1	75435930	75443179
Chpf	1	75474569	75479307
Obsl1	1	75479310	75506452
Stk11ip	1	75521529	75537335
Slc4a3	1	75546266	75562172
Epha4	1	77367185	77515088
Pax3	1	78101267	78197134
Sgpp2	1	78310345	78420289
Farsb	1	78417975	78488897
Acsl3	1	78657825	78707743
Utp14b	1	78658038	78671512
Ap1s3	1	79606876	79671972
Wdfy1	1	79702262	79776143
Serpine2	1	79794197	79861180
Cul3	1	80264923	80340480
Dock10	1	80501073	80758527
Irs1	1	82233101	82291416
Rhbdd1	1	82316452	82445366
Col4a4	1	82448423	82586849
Mff	1	82724890	82752394
Tm4sf20	1	82756649	82768461
Agfg1	1	82839483	82901182
Ccl20	1	83116766	83119167
Pid1	1	84036296	84364180
Trip12	1	84721189	84840516
Fbxo36	1	84839841	84900487
Sp110	1	85576899	85598817
Sp140	1	85600378	85645037
Sp100	1	85649988	85709998
A630001G21Rik	1	85717083	85778643
Cab39	1	85793441	85851576
Itm2c	1	85894281	85908675
Gpr55	1	85938318	85961007
Psmd1	1	86064387	86139151
Armc9	1	86154780	86278284
B3gnt7	1	86302832	86307305
Ncl	1	86344719	86359400
Ptma	1	86526726	86530712
Pde6d	1	86542994	86582629
Cops7b	1	86582904	86609375
Dis3l2	1	86703808	87050095
Alpi	1	87098002	87101606
Eif4e2	1	87213914	87240488
Gigyf2	1	87326998	87450796
Ngef	1	87476834	87573870
Neu2	1	87509889	87597845
Inpp5d	1	87620312	87720507
Atg16l1	1	87755870	87792428
Dgkd	1	87853287	87945180
Usp40	1	87945119	88008551
Ugt1a7c	1	88095062	88220002
Hjurp	1	88262471	88277633
Spp2	1	88406961	88426438
Glrp1	1	88499871	88510066
Arl4c	1	88673125	88702221
Sh3bp4	1	89070415	89155068
Agap1	1	89454806	89897617
Ackr3	1	90203980	90216751
Cops8	1	90602981	90613341
Col6a3	1	90765923	90843971
Mlph	1	90915085	90951142
Rab17	1	90958133	90969661
Lrrfip1	1	90998737	91128944
Ramp1	1	91179822	91225196
Ube2f	1	91250304	91290337
Scly	1	91298338	91321075
Ilkap	1	91373861	91398815
Hes6	1	91411483	91414038
Per2	1	91415982	91459324
Traf3ip1	1	91494647	91529307
Asb1	1	91540544	91559589
Twist2	1	91801461	91848028
Hdac4	1	91928779	92195699
Ndufa10	1	92439010	92473860
Cops9	1	92637145	92641985
Gpc1	1	92831645	92860779
Dusp28	1	92906981	92908435
Rnpepl1	1	92910783	92924384
Capn10	1	92934376	92947941
Gpr35	1	92950865	92986391
Mterf4	1	93299211	93305915
Pask	1	93308770	93343482
Ppp1r7	1	93342854	93373489
Hdlbp	1	93405940	93478815
Sept2	1	93478993	93509733
Farp2	1	93512079	93621976
Stk25	1	93619751	93658659
Bok	1	93685660	93695764
Thap4	1	93701935	93754864
Atg4b	1	93751500	93790610
Dtymk	1	93792576	93801934
Ing5	1	93803965	93822101
D2hgdh	1	93824909	93852348
Pdcd1	1	94038305	94052553
Fam174a	1	95313623	95335284
St8sia4	1	95587682	95667571
Slco4c1	1	96816270	96872171
D1Ertd622e	1	97606318	97662074
Ppip5k2	1	97706048	97770411
Gin1	1	97770172	97793709
Pam	1	97795114	98095646
Rnf152	1	105276914	105356710
Pign	1	105518422	105663677
Tnfrsf11a	1	105780718	105847981
Zcchc2	1	105990406	106034074
Phlpp1	1	106171752	106394250
Bcl2	1	106538178	106714274
Kdsr	1	106720459	106759727
Vps4b	1	106764071	106796728
Serpinb5	1	106861173	106883348
Serpinb2	1	107511423	107535478
Serpinb8	1	107590006	107610484
Cdh7	1	109982431	110140157
Dsel	1	111858702	111864918
Tsn	1	118294778	118311739
Nifk	1	118321839	118333822
Clasp1	1	118389058	118612678
Tfcp2l1	1	118627945	118685168
Ralb	1	119470305	119504794
Tmem185b	1	119526160	119528983
Epb41l5	1	119545037	119649000
Ptpn4	1	119652467	119837613
Tmem177	1	119907890	119913208
Tmem37	1	120067377	120074074
Dbi	1	120113280	120121078
Steap3	1	120190757	120272705
Marco	1	120474538	120505024
En1	1	120602418	120607992
Insig2	1	121304353	121332589
Ccdc93	1	121431049	121506460
Ddx18	1	121553835	121567989
Actr3	1	125392905	125435727
Slc35f5	1	125560595	125595820
Gpr39	1	125676995	125873862
Mgat5	1	127205015	127488336
Tmem163	1	127486546	127679548
Acmsd	1	127729413	127767978
Ccnt2	1	127774164	127808061
Rab3gap1	1	127868773	127943868
Zranb3	1	127954184	128103047
R3hdm1	1	128103301	128237736
Ubxn4	1	128243964	128279378
Mcm6	1	128331590	128359664
Dars	1	128363707	128417368
Cxcr4	1	128588199	128592293
Cd55	1	130439027	130462744
C4bp	1	130634773	130661632
Pfkfb2	1	130689182	130729253
Yod1	1	130717327	130724358
AA986860	1	130731976	130744622
Pigr	1	130826684	130852249
Fcmr	1	130865669	130880791
Mapkapk2	1	131053700	131097826
Dyrk3	1	131127455	131138340
Eif2d	1	131153181	131187658
Rassf5	1	131176410	131245258
Ikbke	1	131254343	131279606
Srgap2	1	131285251	131527352
Ctse	1	131638306	131675505
Rab7b	1	131688695	131715439
Slc26a9	1	131744022	131771504
Slc41a1	1	131827493	131848865
Rab29	1	131867224	131872887
Nucks1	1	131910534	131936321
Slc45a3	1	131962967	131982969
Elk4	1	132007607	132032612
Mfsd4a	1	132022806	132068062
Cdk18	1	132112237	132139684
Klhdc8a	1	132298626	132307357
Nuak2	1	132316126	132333488
Tmcc2	1	132356315	132391281
Dstyk	1	132417555	132466958
Rbbp5	1	132477365	132505659
Tmem81	1	132506230	132508639
Mdm4	1	132959484	133030561
Pik3c2b	1	133045667	133108687
Ppp1r15b	1	133131143	133139783
Plekha6	1	133164210	133303435
Sox13	1	133382303	133424377
Snrpe	1	133603871	133610291
Zc3h11a	1	133619871	133661380
Lax1	1	133679091	133690108
Atp2b4	1	133699457	133801041
Prelp	1	133910304	133921414
Btg2	1	134075170	134079120
Chil1	1	134182176	134190181
Adora1	1	134199223	134235431
Ppfia4	1	134296783	134332928
Tmem183a	1	134346097	134361979
Cyb5r1	1	134405559	134411740
Adipor1	1	134415378	134433351
Klhl12	1	134455531	134491018
Rabif	1	134494648	134508774
Kdm5b	1	134560171	134635285
Ppp1r12b	1	134754658	134955942
Ube2t	1	134962565	134974162
Lgr6	1	134983301	135105276
Ptpn7	1	135132700	135145317
Arl8a	1	135146824	135156269
Elf3	1	135253575	135258568
Rnpep	1	135262712	135284084
Timm17a	1	135295213	135313778
Shisa4	1	135371057	135375237
Ipo9	1	135382312	135430499
Nav1	1	135434580	135688105
Csrp1	1	135720061	135752232
Phlda3	1	135766119	135769136
Lad1	1	135818598	135833342
Tnnt2	1	135836354	135852260
Pkp1	1	135871395	135919207
Tmem9	1	136008150	136035342
Cacna1s	1	136052750	136119822
Kif21b	1	136131389	136177998
Camsap2	1	136268123	136346104
Ddx59	1	136415271	136440158
Kif14	1	136466343	136531511
Zfp281	1	136624901	136630053
Nr5a2	1	136842571	136960448
Ptprc	1	138062861	138175708
Nek7	1	138482875	138620141
2310009B15Rik	1	138851983	138856852
Dennd1b	1	138963435	139178960
Zbtb41	1	139422288	139453005
Aspm	1	139454772	139494091
Cfh	1	140084708	140183764
Cdc73	1	143598800	143702893
Glrx2	1	143716338	143749676
Uchl5	1	143777272	143807466
Rgs2	1	143999338	144004161
Rgs1	1	144242296	144249242
Rgs18	1	144752683	144775435
Pla2g4a	1	149829618	149961290
Ptgs2	1	150100031	150108227
Tpr	1	150392838	150449935
Prg4	1	150449412	150466165
Ivns1abp	1	151344477	151364422
Swt1	1	151367699	151428455
Trmt1l	1	151428542	151458161
Rnf2	1	151458004	151500955
Fam129a	1	151571186	151721939
Edem3	1	151755371	151822051
1700025G04Rik	1	151852403	152090125
Tsen15	1	152370735	152386688
Rgl1	1	152516760	152766351
Arpc5	1	152766542	152775597
Ncf2	1	152800194	152836991
Smg7	1	152836995	152902646
Lamc2	1	153122756	153186447
Lamc1	1	153218922	153332786
Dhx9	1	153455758	153487660
Rgs16	1	153740349	153745468
Rnasel	1	153749426	153764221
Glul	1	153899944	153909723
Cacna1e	1	154390731	154884501
Ier5	1	155096361	155099636
Mr1	1	155127277	155146814
Stx6	1	155158715	155208256
Xpr1	1	155275701	155417415
Acbd6	1	155558120	155691330
Qsox1	1	155776029	155812889
Cep350	1	155844964	155973255
Tor1aip1	1	156004599	156036480
Tor1aip2	1	156035403	156068861
Gm2000	1	156366040	156366484
Soat1	1	156424525	156474331
Gm10031	1	156524012	156526664
Abl2	1	156558786	156649568
Tor3a	1	156653617	156674356
Fam20b	1	156678532	156719086
Ralgps2	1	156804166	156939626
Rasal2	1	157135182	157412595
Sec16b	1	157506728	157568425
4930523C07Rik	1	160044382	160080208
Cacybp	1	160202367	160212875
Rabgap1l	1	160219174	160793211
Rc3h1	1	160906418	160974978
Zbtb37	1	161002922	161034849
Dars2	1	161040601	161070658
Cenpl	1	161070713	161086724
Klhl20	1	161088375	161131511
Prdx6	1	161240112	161251219
Fasl	1	161780689	161788495
Suco	1	161816114	161876682
Pigc	1	161969186	161973435
Dnm3	1	161982453	162478034
Vamp4	1	162570515	162599084
Prrc2c	1	162670725	162740556
Prrx1	1	163245119	163313710
Gorab	1	163384908	163403669
Kifap3	1	163779583	163917109
Scyl3	1	163929100	163955126
BC055324	1	163945993	163994796
Sell	1	164061982	164084181
Selp	1	164115264	164150026
F5	1	164151838	164220277
Slc19a2	1	164249046	164265385
Ccdc181	1	164275585	164287847
Blzf1	1	164289800	164307489
Nme7	1	164304121	164437725
Atp1b1	1	164437109	164458355
Dpt	1	164796644	164824266
Sft2d2	1	165174337	165194438
Tiprl	1	165212286	165236996
Dcaf6	1	165328698	165460475
Mpc2	1	165460637	165481214
Mpzl1	1	165592240	165634538
Rcsd1	1	165646516	165709757
Creg1	1	165763746	165775308
Cd247	1	165788681	165877277
Pou2f1	1	165865154	166002678
Gpa33	1	166130238	166166510
Ildr2	1	166254139	166316823
Tada1	1	166379097	166393621
Pogk	1	166384622	166409863
Fam78b	1	167001417	167091302
Uck2	1	167222883	167285320
Tmco1	1	167308378	167333978
Aldh9a1	1	167349991	167368532
Mgst3	1	167371966	167393841
Pbx1	1	168119364	168432270
Nuf2	1	169497934	169531464
Hsd17b7	1	169949535	169969241
Ddr2	1	169972307	170110762
Uap1	1	170141938	170174957
Uhmk1	1	170193420	170215397
Sh2d1b1	1	170277320	170286769
Gm7694	1	170298199	170306332
Nos1ap	1	170302668	170589861
Olfml2b	1	170644532	170682789
Atf6	1	170704674	170867771
Dusp12	1	170873498	170885540
Fcrla	1	170917576	170927583
Fcgr2b	1	170958617	170976547
Fcgr4	1	171018920	171029761
Fcgr3	1	171051174	171064935
Sdhc	1	171127165	171150603
Tomm40l	1	171216011	171222514
Fcer1g	1	171229572	171234365
Ndufs2	1	171234853	171251388
Adamts4	1	171250421	171260637
B4galt3	1	171270328	171276896
Ppox	1	171275990	171281186
Usp21	1	171281945	171287991
Ufc1	1	171288563	171295024
Dedd	1	171329145	171342331
Nit1	1	171338008	171345646
Pfdn2	1	171345670	171359254
Arhgap30	1	171388954	171410298
Usf1	1	171411313	171419142
F11r	1	171437535	171464603
Alyref2	1	171503478	171504750
Ly9	1	171588624	171607410
Slamf7	1	171632403	171653035
Cd48	1	171682009	171705258
Slamf1	1	171767127	171801184
Cd84	1	171839697	171890718
Slamf6	1	171917515	171953170
Vangl2	1	172000960	172028444
Ncstn	1	172066013	172082795
Copa	1	172082529	172122330
Pex19	1	172126755	172136493
Dcaf8	1	172148084	172197005
Pea15a	1	172196728	172206804
Igsf8	1	172261641	172319841
Pigm	1	172376546	172384099
Slamf9	1	172475358	172478575
Igsf9	1	172481788	172498878
Tagln2	1	172500047	172507380
Cfap45	1	172520801	172545870
Slamf8	1	172581758	172590568
Dusp23	1	172630764	172632962
Crp	1	172698055	172833031
Ackr1	1	173331886	173333750
Aim2	1	173350879	173466040
Ifi206	1	173468485	173491041
Ifi214	1	173519717	173535957
Ifi209	1	173630917	173647928
Ifi207	1	173723427	173741747
Ifi204	1	173747293	173766943
Mndal	1	173849126	173942491
Ifi211	1	173896345	173913046
Ifi203	1	173920407	173942672
Ifi205	1	174011998	174031810
Spta1	1	174172776	174248450
Fh1	1	175600374	175625635
Kmo	1	175620381	175662116
Chml	1	175682237	175692901
Exo1	1	175880581	175913489
Rbm8a2	1	175977777	175979114
Cep170	1	176733653	176814067
Sdccag8	1	176814660	177020437
Akt3	1	177020073	177258203
Zbtb18	1	177442351	177450764
1700016C15Rik	1	177729814	177753324
Adss	1	177762962	177796511
Desi2	1	178187417	178257301
Cox20	1	178319130	178322693
Hnrnpu	1	178321108	178337797
Smyd3	1	178951960	179518041
Tfb2m	1	179528055	179546267
Cnst	1	179546370	179627478
Sccpdh	1	179668210	179687189
Ahctf1	1	179744894	179803680
Cdc42bpa	1	179960472	180165603
Psen2	1	180227004	180263438
Itpkb	1	180330485	180424802
Parp1	1	180568924	180601254
Lin9	1	180641150	180690694
Acbd3	1	180726043	180754204
H3f3a	1	180800832	180813943
Sde2	1	180851127	180868113
Pycr2	1	180904293	180908088
Lefty1	1	180935022	180938400
Tmem63a	1	180942344	180975112
Ephx1	1	180976210	181020904
Nvl	1	181087138	181144204
Cnih4	1	181144693	181168994
Wdr26	1	181173228	181212001
Lbr	1	181815335	181843046
Enah	1	181896384	182019990
Srp9	1	182124737	182132407
Degs1	1	182275772	182282804
Fbxo28	1	182313102	182341629
Trp53bp2	1	182409172	182462432
Capn2	1	182467260	182517608
Disp1	1	183086266	183221522
Brox	1	183276352	183297269
Aida	1	183296590	183325476
Mia3	1	183326725	183369553
Taf1a	1	183388981	183410198
Dusp10	1	184013302	184075636
Hlx	1	184727140	184732619
Marc2	1	184813068	184846451
C130074G19Rik	1	184871926	184883218
Rab3gap2	1	185204117	185286759
Iars2	1	185284726	185329396
Bpnt1	1	185332149	185357777
Eprs	1	185363044	185428360
Slc30a10	1	185454848	185468762
Lyplal1	1	186087731	186117310
Tgfb2	1	186622792	186705989
Rrp15	1	186720978	186749358
Gpatch2	1	187215508	187351704
Kctd3	1	188971095	189007841
Kcnk2	1	189207930	189402273
Cenpf	1	189640606	189688086
Ptpn14	1	189728268	189876695
Smyd2	1	189880492	189922363
Angel2	1	190925112	190946962
Vash2	1	190947646	190979296
Tatdn3	1	191045826	191062932
Nsl1	1	191063012	191086474
Batf3	1	191097847	191108945
Atf3	1	191170296	191218039
Nenf	1	191306789	191318194
Tmem206	1	191325912	191350914
Ppp2r5a	1	191351975	191403272
Dtl	1	191537356	191575544
Ints7	1	191575636	191623688
Lpgat1	1	191717834	191784255
Nek2	1	191821444	191833050
Slc30a1	1	191906767	191913247
Traf5	1	191997205	192092559
Rcor3	1	192098546	192138062
Sertad4	1	192844488	192855756
Syt14	1	192891233	193035775
Diexf	1	193091104	193130272
Irf6	1	193153111	193172023
A130010J15Rik	1	193168046	193177832
Traf3ip3	1	193175453	193201703
Lamb3	1	193207699	193343878
Hsd11b1	1	193221634	193264075
G0s2	1	193272161	193273217
Plxna2	1	194618218	194816869
Cd34	1	194938819	194961279
Cr1l	1	195097382	195131586
Cr2	1	195136811	195176716
Fam171a1	2	3114224	3227806
Nmt2	2	3284212	3328877
Dclre1c	2	3424131	3464130
Suv39h2	2	3455815	3475031
Hspa14	2	3488850	3512814
Gm45902	2	3504527	3512790
Fam107b	2	3570488	3782142
Frmd4a	2	4017717	4614043
Prpf18	2	4622058	4652113
Bend7	2	4717831	4802142
Sephs1	2	4881564	4910557
Phyh	2	4919019	4938730
Mcm10	2	4989714	5012791
Optn	2	5020642	5064051
Camk1d	2	5293457	5714515
Cdc123	2	5794294	5845164
Nudt5	2	5845019	5871895
Sec61a2	2	5870987	5895432
Upf2	2	5951469	6056703
Proser2	2	6097607	6130211
Echdc3	2	6188465	6213033
Usp6nl	2	6322667	6446390
Celf2	2	6539694	7509563
Gata3	2	9857078	9890034
Taf3	2	9914552	10048596
Atp5c1	2	10056016	10080510
Kin	2	10080593	10092806
Itih2	2	10094593	10131396
Itih5	2	10153571	10256529
Prkcq	2	11172108	11301222
Pfkfb3	2	11471433	11554077
Rbm17	2	11585437	11604153
Il2ra	2	11642807	11693193
Il15ra	2	11705290	11734317
Ankrd16	2	11777876	11790329
Pter	2	12924041	13003455
Rsu1	2	13076821	13271415
Trdmt1	2	13509014	13544668
Vim	2	13573927	13582826
St8sia6	2	13651021	13794064
Hacd1	2	13850282	14056135
Stam	2	14074098	14149634
Tmem236	2	14174523	14221993
Mrc1	2	14229392	14332057
Nsun6	2	14995131	15055069
Arl5b	2	15049395	15082456
Plxdc2	2	16356304	16755839
Nebl	2	17343909	17731464
A930004D18Rik	2	18025193	18037737
Mllt10	2	18055237	18212388
Dnajc1	2	18195654	18392830
Commd3	2	18672384	18676231
Bmi1	2	18677018	18686629
Pip4k2a	2	18842255	18998126
Msrb2	2	19371440	19394976
Otud1	2	19657752	19660583
Etl4	2	19909780	20810713
Arhgap21	2	20847919	20968881
Thnsl1	2	21205724	21215009
Apbb1ip	2	22774094	22875653
Pdss1	2	22895522	22940266
Abi1	2	22940073	23040241
Acbd5	2	23068167	23115558
Mastl	2	23115606	23156024
Yme1l1	2	23156369	23199260
Spopl	2	23506220	23572106
Hnmt	2	24002910	24049394
Il1f9	2	24186476	24193568
Il1rn	2	24336853	24351494
Psd4	2	24367580	24414954
Pax8	2	24420560	24475599
Ehmt1	2	24789928	24919614
Arrdc1	2	24925352	24935252
Zmynd19	2	24949792	24962075
Dph7	2	24962400	24972163
Pnpla7	2	24976033	25054057
Nsmf	2	25054355	25062881
Nrarp	2	25180758	25183339
Tor4a	2	25192966	25196886
Nelfb	2	25199712	25211489
Tubb4b	2	25222160	25224702
Rnf208	2	25242255	25244262
Ndor1	2	25244821	25256022
Tmem203	2	25255439	25256292
Tprn	2	25262618	25269885
Ssna1	2	25271039	25272438
Anapc2	2	25272478	25285915
Lrrc26	2	25289915	25291180
Grin1	2	25291181	25319187
Man1b1	2	25332338	25352212
Dpp7	2	25352276	25356359
Uap1l1	2	25359889	25365682
Sapcd2	2	25372321	25378213
Entpd2	2	25395874	25401321
Npdc1	2	25399351	25409494
Abca2	2	25428703	25448540
Clic3	2	25456838	25458776
Fbxw5	2	25500750	25505471
Traf2	2	25517982	25546940
Edf1	2	25557847	25562082
Phpt1	2	25573430	25575224
Rabl6	2	25583018	25608521
Tmem141	2	25620067	25622005
Fcna	2	25624666	25628030
Bmyc	2	25706739	25707721
Camsap1	2	25926838	25983282
Ubac1	2	25998543	26021747
Nacc2	2	26055535	26123220
Qsox2	2	26208637	26237525
Gpsm1	2	26315515	26348237
Dnlz	2	26348121	26352110
Snapc4	2	26362765	26380653
Pmpca	2	26389339	26397122
Inpp5e	2	26396249	26409203
Sec16a	2	26409431	26445216
Notch1	2	26457903	26516663
Egfl7	2	26580014	26593120
Agpat2	2	26593057	26604417
Surf6	2	26888628	26902879
Med22	2	26905262	26910677
Surf1	2	26913381	26916530
Surf2	2	26916367	26920183
Surf4	2	26920040	26933928
Rexo4	2	26953563	26964386
Cacfd1	2	27009926	27021089
Slc2a6	2	27021363	27027998
Sardh	2	27188393	27248337
Vav2	2	27262104	27427033
Brd3	2	27445579	27507662
Wdr5	2	27515157	27536535
Rxra	2	27676440	27762957
Col5a1	2	27886425	28039514
Fcnb	2	28076378	28084885
Olfm1	2	28192992	28230736
Ppp1r26	2	28446800	28455508
Ralgds	2	28513125	28553081
Gtf3c5	2	28566311	28583751
Gfi1b	2	28609450	28621982
Tsc1	2	28641228	28691167
Gtf3c4	2	28822299	28840360
Ddx31	2	28840406	28905571
Ttf1	2	29060262	29087656
Setx	2	29124181	29182471
Med27	2	29346819	29524793
Rapgef1	2	29619720	29740978
Trub2	2	29761224	29788502
Coq4	2	29787493	29797935
Slc27a4	2	29802634	29817522
Urm1	2	29820075	29845002
Cercam	2	29869164	29882840
Odf2	2	29889221	29931746
Gle1	2	29935426	29960371
Sptan1	2	29965560	30031451
Wdr34	2	30031546	30048881
Set	2	30057378	30072577
Pkn3	2	30077684	30091022
Zdhhc12	2	30090944	30093648
Zer1	2	30097283	30124585
Tbc1d13	2	30133746	30152013
Endog	2	30171493	30174069
Spout1	2	30173453	30178459
Kyat1	2	30185124	30205847
Lrrc8a	2	30237715	30263790
Dolk	2	30284231	30286334
Nup188	2	30286397	30344266
Sh3glb2	2	30344809	30359337
Miga2	2	30364233	30385521
Dolpp1	2	30392254	30400529
Crat	2	30400471	30415813
Ptpa	2	30416039	30447806
Ier5l	2	30471537	30474219
Ntmt1	2	30807826	30823033
Asb6	2	30823097	30830333
Prrx2	2	30834972	30881251
Ptges	2	30889471	30929863
Tor1b	2	30952959	30959015
Tor1a	2	30960627	30967933
BC005624	2	30972177	30982201
Usp20	2	30982279	31023586
Fnbp1	2	31026206	31142008
Gpr107	2	31152316	31218775
Ncs1	2	31245823	31295989
Ass1	2	31470207	31520672
Fubp3	2	31572651	31617526
Exosc2	2	31670715	31681349
Abl1	2	31688376	31804227
Nup214	2	31974436	32053975
Fam78a	2	32050055	32084857
Prrc2b	2	32151082	32234537
Pomt1	2	32236590	32255005
Uck1	2	32255002	32260159
Swi5	2	32278816	32288075
Golga2	2	32287384	32307921
Dnm1	2	32308471	32353338
Ciz1	2	32352327	32380970
1110008P14Rik	2	32377097	32381938
Lcn2	2	32384633	32388252
Ptges2	2	32395896	32405772
Slc25a25	2	32414487	32451445
Naif1	2	32450457	32456953
Fam102a	2	32535332	32569756
Dpm2	2	32570858	32573579
St6galnac4	2	32587095	32599698
St6galnac6	2	32599709	32620806
Ak1	2	32621758	32635058
Eng	2	32646595	32682669
Fpgs	2	32682609	32704145
Cdk9	2	32705784	32713076
Sh2d3c	2	32721055	32755512
Tor2a	2	32757234	32762244
Ptrh1	2	32775786	32777597
Stxbp1	2	32787602	32847245
Fam129b	2	32876114	32925254
Lrsam1	2	32925216	32961614
Slc2a8	2	32972990	32982083
Garnl3	2	32986224	33131654
Ralgps1	2	33133417	33371486
Angptl2	2	33216069	33247717
Zbtb34	2	33406108	33431324
Zbtb43	2	33450287	33468559
Mvb12b	2	33729953	33887946
Pbx3	2	34171457	34373142
Mapkap1	2	34406771	34624950
Gapvd1	2	34674594	34755232
Hspa5	2	34771970	34777547
Rabepk	2	34777556	34799912
Fbxw2	2	34804514	34826311
Psmd5	2	34849734	34874968
Cutal	2	34874396	34892132
Phf19	2	34893757	34914026
Traf1	2	34941750	34961772
Cntrl	2	35109492	35178822
Rab14	2	35180205	35201120
Gsn	2	35256380	35307892
Stom	2	35313986	35336976
Ggta1	2	35400179	35463231
Dab2ip	2	35558266	35730994
Ndufa8	2	36036326	36049406
Rbm18	2	36116079	36136773
Mrrf	2	36136389	36190647
Ptgs1	2	36230426	36252272
Olfr354	2	36905680	36916038
Pdcl	2	37350074	37359332
Rc3h2	2	37370069	37422903
Zbtb6	2	37425500	37443171
Zbtb26	2	37432168	37443135
Rabgap1	2	37443279	37566454
Strbp	2	37483228	37703859
Dennd1a	2	37798991	38287390
Nek6	2	38511643	38594606
Psmb7	2	38588036	38644087
Nr6a1	2	38723370	38927688
Arpc5l	2	39005348	39015877
Golga1	2	39016155	39065541
Scai	2	39066214	39190734
Ppp6c	2	39194354	39226451
Arhgap15	2	43748824	44395953
Gtdc1	2	44564412	44927657
Zeb2	2	44983632	45117395
Acvr2a	2	48814109	48903269
Orc4	2	48902824	48950277
Mbd5	2	48949508	49325405
Epc2	2	49451486	49551948
Kif5c	2	49619298	49774778
Lypd6b	2	49787688	49948849
Mmadhc	2	50279881	50296801
Rnd3	2	51130438	51149111
Rbm43	2	51924448	51935163
Nmi	2	51948487	51973494
Tnfaip6	2	52038009	52056686
Rif1	2	52072832	52122383
Arl5a	2	52397951	52424901
Stam2	2	52691664	52742281
Fmnl2	2	52857860	53133804
Prpf40a	2	53134704	53191284
Arl6ip6	2	53191726	53219220
Nr4a2	2	57106830	57124003
Gpd2	2	57237635	57370719
Cytip	2	58129137	58195532
Acvr1	2	58388644	58567157
Upp2	2	58567298	58792971
Ccdc148	2	58821070	59160683
Pkp4	2	59160850	59355208
Tanc1	2	59612042	59846149
Wdsub1	2	59852364	59882591
Baz2b	2	59899363	60209839
March7	2	60209887	60250676
Cd302	2	60251993	60284488
Ly75	2	60292103	60383303
Pla2r1	2	60417543	60553308
Itgb6	2	60598292	60722643
Rbms1	2	60750193	60963192
Tank	2	61578585	61654171
Psmd14	2	61711694	61800376
Dpp4	2	62330073	62412231
Ifih1	2	62595798	62646255
Gca	2	62664285	62694109
Fign	2	63971507	64098038
Cobll1	2	65088339	65239403
Galnt3	2	66082766	66124994
Ttc21b	2	66184327	66256617
Stk39	2	68210445	68472268
Cers6	2	68861441	69114282
Nostrin	2	69135800	69189330
Spc25	2	69193895	69206194
Dhrs9	2	69380445	69404533
Fastkd1	2	69686815	69713516
Ppig	2	69722545	69754012
Phospho2	2	69789623	69800005
Klhl23	2	69821944	69836651
Ssb	2	69861562	69871846
Mettl5	2	69871198	69885615
Ubr3	2	69897246	70024013
Gorasp2	2	70661576	70712636
Tlk1	2	70712407	70825728
Mettl8	2	70964561	71055583
Dcaf17	2	71055328	71099142
Dync1i2	2	71211706	71263303
Slc25a12	2	71271063	71367749
Hat1	2	71388958	71441622
Metap1d	2	71453276	71525194
Itga6	2	71745616	71858416
Pdk1	2	71873224	71903858
Map3k20	2	72285637	72442610
Cdca7	2	72476159	72486893
Sp3	2	72936427	72980446
Ola1	2	73092801	73218924
Cir1	2	73283105	73312701
Scrn3	2	73312601	73337818
Gpr155	2	73341506	73386572
Wipf1	2	73429610	73529734
Atf2	2	73816509	73892639
Atp5g3	2	73908447	73911326
Lnpk	2	74520291	74579435
Mtx2	2	74825803	74878431
Hnrnpa3	2	75659261	75669407
Nfe2l2	2	75675513	75704641
Agps	2	75832177	75931350
Ttc30b	2	75935849	75938585
Ttc30a1	2	75978247	75981967
Rbm45	2	76369984	76383768
Osbpl6	2	76406508	76600647
Prkra	2	76629898	76648015
Fkbp7	2	76663044	76673116
Plekha3	2	76675281	76696828
Ccdc141	2	77009902	77170636
Sestd1	2	77180340	77280592
Zfp385b	2	77410634	77819639
Cwc22	2	77881159	77946375
Ube2e3	2	78868124	78921293
Itga4	2	79255426	79333123
Prdx6b	2	80292472	80295356
Dnajc10	2	80315466	80354043
Nckap1	2	80500512	80581380
Dusp19	2	80617045	80632361
Nup35	2	80617236	80658906
Zc3h15	2	83644435	83664622
Itgav	2	83724397	83806916
Calcrl	2	84330626	84425411
Tfpi	2	84432855	84476775
Ctnnd1	2	84600071	84650765
Selenoh	2	84669215	84670770
Tmx2	2	84671316	84679140
Med19	2	84678402	84688215
Zdhhc5	2	84687970	84715180
Clp1	2	84722104	84727350
Ypel4	2	84734058	84738655
Serping1	2	84765387	84775444
Ube2l6	2	84798828	84810335
Timm10	2	84826997	84830213
Slc43a1	2	84838850	84863594
Slc43a3	2	84936579	84958509
Prg2	2	84980461	84983632
Ssrp1	2	85037234	85047109
Tnks1bp1	2	85048022	85073048
Ptprj	2	90429754	90580647
Nup160	2	90677215	90736328
Fnbp4	2	90745370	90781021
Mtch2	2	90847155	90866810
Ndufs3	2	90894634	90904827
Kbtbd4	2	90904740	90911626
Celf1	2	90940382	91019497
Psmc3	2	91054009	91066369
Slc39a13	2	91061791	91070417
Spi1	2	91082390	91115756
Madd	2	91137360	91183837
Nr1h3	2	91184061	91202834
Acp2	2	91202885	91214098
Ddb2	2	91211572	91236982
Pacsin3	2	91255954	91264679
Arfgap2	2	91264974	91276931
1110051M20Rik	2	91275068	91444704
Lrp4	2	91457511	91513779
Ckap5	2	91526762	91620664
Zfp408	2	91643669	91649791
Arhgap1	2	91649860	91672326
Atg13	2	91674618	91710576
Harbi1	2	91710852	91721545
Ambra1	2	91730134	91918849
Mdk	2	91929805	91932297
Dgkz	2	91932824	91975864
Creb3l1	2	91982328	92024502
Phf21a	2	92093117	92364666
Large2	2	92365046	92374869
Pex16	2	92374676	92381217
Mapk8ip1	2	92383676	92401263
Cry2	2	92403646	92434043
Slc35c1	2	92452764	92460538
Chst1	2	92599707	92615250
Trp53i11	2	93187548	93201759
Cd82	2	93419111	93463140
Ext2	2	93661028	93822568
Accs	2	93833467	93849943
Alkbh3	2	93980550	94010807
Hsd17b12	2	94032689	94157964
Ttc17	2	94300767	94406689
Api5	2	94411682	94438136
B230118H07Rik	2	101560781	101649532
Traf6	2	101678429	101701669
Prr5l	2	101714285	101883027
Commd9	2	101886247	101901646
Ldlrad3	2	101950203	102186385
Trim44	2	102300119	102407828
Fjx1	2	102449366	102452499
Pamr1	2	102550012	102643041
Slc1a2	2	102658659	102790784
Cd44	2	102811141	102901665
Pdhx	2	103021075	103073513
Apip	2	103073675	103092644
Ehf	2	103263433	103303278
Cat	2	103453849	103485160
Abtb2	2	103566310	103718423
Nat10	2	103721256	103761270
Caprin1	2	103762941	103797649
Lmo2	2	103957986	103981878
Fbxo3	2	104027721	104063240
Cd59a	2	104095801	104115354
Hipk3	2	104426481	104494446
Cstf3	2	104590523	104665429
Tcp11l1	2	104657288	104712169
Depdc7	2	104721784	104742878
Qser1	2	104754795	104816760
Prrg4	2	104830741	104849876
Eif3m	2	104999656	105017080
Wt1	2	105126529	105173616
Rcn1	2	105386291	105399319
Pax6	2	105668900	105697364
Elp4	2	105701027	105904564
Immp1l	2	105904638	105965558
Dnajc24	2	105966709	106003549
Arl14ep	2	106962527	106974424
Mettl15	2	109092297	109280748
Kif18a	2	109280738	109341747
Bdnf	2	109674700	109727007
Lin7c	2	109890853	109901003
Lgr4	2	109917647	110014257
Ccdc34	2	110017817	110173360
Lpcat4	2	112239468	112247111
Nop10	2	112261926	112263269
Slc12a6	2	112265825	112363163
Emc4	2	112363011	112368027
Katnbl1	2	112379211	112414240
Emc7	2	112454997	112472162
Aven	2	112492964	112634573
Fmn1	2	113327736	113716767
Grem1	2	113746164	113758646
Arhgap11a	2	113831492	113848661
Aqr	2	114101170	114187024
Zfp770	2	114193461	114201469
Dph6	2	114516416	114654964
BC052040	2	115581716	115778768
Meis2	2	115863064	116065839
Spred1	2	117121374	117182279
Fam98b	2	117249739	117271540
Rasgrp1	2	117279993	117343001
Thbs1	2	118111876	118127133
Eif2ak4	2	118388618	118475234
Srp14	2	118475850	118479711
Bmf	2	118528757	118549687
Bub1b	2	118598211	118641591
Pak6	2	118663303	118698020
Plcb2	2	118707517	118728438
Inafm2	2	118745758	118748810
Phgr1	2	118772769	118778165
Disp2	2	118779719	118811293
Knstrn	2	118814003	118853957
Ivd	2	118861954	118882909
Bahd1	2	118900377	118924528
Chst14	2	118926496	118928585
Ccdc32	2	119017779	119029393
Rpusd2	2	119034790	119039769
Knl1	2	119047119	119105501
Rad51	2	119112793	119147445
Rmdn3	2	119137001	119157034
Gchfr	2	119167773	119172390
Dnajc17	2	119172500	119208795
Gm14137	2	119174509	119177575
Zfyve19	2	119208617	119217049
Ppp1r14d	2	119218119	119229906
Spint1	2	119237362	119249527
Rhov	2	119269201	119271272
Vps18	2	119288740	119298453
Chac1	2	119351229	119354381
Ino80	2	119373042	119477687
Chp1	2	119547697	119587027
Oip5	2	119609512	119618469
Nusap1	2	119618298	119651244
Ndufaf1	2	119655446	119662827
Rtf1	2	119675068	119735407
Rpap1	2	119763304	119787537
Tyro3	2	119797733	119818104
Mga	2	119897228	119969581
Mapkbp1	2	119972699	120027408
Jmjd7	2	120027483	120032594
Ehd4	2	120089175	120154606
Vps39	2	120316461	120353137
Tmem87a	2	120355312	120404113
Ganc	2	120403896	120461700
Zfp106	2	120506820	120563843
Snap23	2	120567671	120601255
Lrrc57	2	120604238	120609520
Haus2	2	120609383	120621560
Stard9	2	120629121	120731895
Cdan1	2	120716154	120850128
Ttbk2	2	120732816	120850604
Ubr1	2	120860269	120970715
Tmem62	2	120977017	121007852
Ccndbp1	2	121008403	121016904
Epb42	2	121017891	121037072
Lcmt2	2	121128307	121140653
Adal	2	121140428	121156680
Zscan29	2	121158273	121171125
Tubgcp4	2	121170654	121198770
Trp53bp1	2	121193281	121271407
Map1a	2	121289600	121310832
Ppip5k1	2	121310561	121355396
Ckmt1	2	121357714	121363737
Pdia3	2	121413775	121438687
Serf2	2	121449195	121458313
Hypk	2	121453290	121458672
Mfap1b	2	121460235	121474067
Mfap1a	2	121491911	121506665
Wdr76	2	121506723	121544860
Casc4	2	121866970	121936220
Ctdspl2	2	121956001	122013642
Eif3j1	2	122028546	122056598
Spg11	2	122053520	122118386
B2m	2	122147686	122153083
Sord	2	122234749	122265340
Duox2	2	122279247	122298449
Duoxa2	2	122298900	122302885
Shf	2	122348892	122369162
Slc28a2	2	122426477	122461137
Gatm	2	122594467	122611303
AA467197	2	122636986	122641191
Slc30a4	2	122681233	122702663
Bloc1s6	2	122738503	122749475
Sema6d	2	124089969	124667770
Slc24a5	2	125068124	125088677
Myef2	2	125084628	125123661
Dut	2	125247190	125258608
Fbn1	2	125300594	125507993
Cep152	2	125563088	125625113
Eid1	2	125673095	125674785
Secisbp2l	2	125736986	125782870
Cops2	2	125830304	125859139
Galk2	2	125859109	125984299
Dtwd1	2	126152141	126165279
Atp8b4	2	126320973	126500674
Hdc	2	126593667	126619299
Gabpb1	2	126627442	126676337
Usp8	2	126707328	126759297
Trpm7	2	126791565	126876230
Sppl2a	2	126890391	126933235
Ap4e1	2	127008717	127067909
Blvra	2	127070665	127097084
Ncaph	2	127103809	127133954
Itpripl1	2	127138772	127143442
1810024B03Rik	2	127186355	127208280
Snrnp200	2	127208386	127240451
Ciao1	2	127240938	127247816
Tmem127	2	127247908	127261107
Stard7	2	127270218	127298932
Dusp2	2	127336159	127338376
Fahd2a	2	127436215	127444565
Mal	2	127633226	127656695
Mall	2	127704386	127729932
Nphp1	2	127740732	127788897
Bub1	2	127801122	127831865
Bcl2l11	2	128126038	128162547
Anapc1	2	128610104	128687391
Mertk	2	128698956	128802894
Tmem87b	2	128818118	128854261
Zc3h8	2	128926268	128944077
Zc3h6	2	128967402	129018563
Ttl	2	129065942	129096283
Polr1b	2	129100995	129126594
Chchd5	2	129129700	129134134
Slc20a1	2	129198764	129211616
Ckap2l	2	129268210	129297212
Il1a	2	129299610	129309972
Il1b	2	129364570	129371139
Sirpa	2	129592835	129632228
Stk35	2	129800517	129832287
Snrpb	2	130171414	130179403
Nop56	2	130274430	130279313
Idh3b	2	130279309	130284547
Cpxm1	2	130390775	130397574
Pced1a	2	130417247	130424701
Vps16	2	130424339	130444269
Ptpra	2	130450278	130556124
Ubox5	2	130590002	130630038
Fastkd5	2	130613840	130630027
Ddrgk1	2	130653960	130664659
Itpa	2	130667610	130681614
Slc4a11	2	130684113	130697519
4930402H24Rik	2	130706200	130906406
Atrn	2	130906495	131030333
1700037H04Rik	2	131146324	131160081
Spef1	2	131170261	131187282
Cenpb	2	131175182	131180067
Cdc25b	2	131186949	131198497
Ap5s1	2	131207078	131213514
Mavs	2	131234063	131248025
Pank2	2	131262495	131299188
Rnf24	2	131298064	131352892
Smox	2	131491496	131525922
Prnp	2	131909928	131938429
Rassf2	2	131989415	132030258
Slc23a2	2	132052496	132145108
Tmem230	2	132239492	132247807
Pcna	2	132249162	132253314
Cds2	2	132263148	132312050
Gpcpd1	2	132529082	132587729
Trmt6	2	132804207	132816055
Mcm8	2	132816141	132844197
Crls1	2	132846666	132866785
Lrrn4	2	132868305	132880891
Fermt1	2	132904389	132945906
Bmp2	2	133552159	133562885
Hao1	2	134497361	134554368
Tmx4	2	134594185	134644145
Plcb1	2	134786067	135475258
Snap25	2	136713453	136782428
Mkks	2	136873780	136891389
Slx4ip	2	136891218	137071950
Jag1	2	137081456	137116644
Btbd3	2	138256565	138589292
Tasp1	2	139833480	140066805
Esf1	2	140119883	140170564
Ndufaf5	2	140170649	140203689
Macrod2	2	140395309	142392966
Flrt3	2	140650914	140671469
Kif16b	2	142617474	142901531
Snrpb2	2	143063039	143072853
Dstn	2	143915320	143943324
Rrbp1	2	143947395	144011263
Snx5	2	144250123	144270906
Mgme1	2	144270663	144281227
Polr3f	2	144527718	144541995
Rbbp9	2	144542265	144550869
Sec23b	2	144556229	144590749
Dtd1	2	144599897	144768758
Rin2	2	145675215	145887616
Naa20	2	145902099	145916425
Crnkl1	2	145917479	145935014
Ralgapa2	2	146239879	146512344
Kiz	2	146855864	146970097
Xrn2	2	147012996	147078000
Foxa2	2	148042877	148046969
Thbd	2	148404466	148408188
Cd93	2	148436640	148443563
Nxt1	2	148672601	148676027
Gzf1	2	148681023	148692949
Napb	2	148693985	148732467
Cst9	2	148835147	148838738
Cst3	2	148871722	148875692
Zfp120	2	150114406	150136708
Zfp937	2	150218073	150240725
Zfp442	2	150407141	150451486
Cst7	2	150570415	150578944
Apmap	2	150583080	150608567
Acss1	2	150618105	150668500
Entpd6	2	150749042	150771675
Pygb	2	150786735	150831758
Abhd12	2	150832493	150904741
Gins1	2	150905400	150931280
Ninl	2	150934519	151039382
Nsfl1c	2	151494182	151511414
Fkbp1a	2	151542483	151561692
Sdcbp2	2	151572622	151590005
Psmf1	2	151715812	151744186
Fam110a	2	151969398	151980219
Slc52a3	2	151996511	152009258
Srxn1	2	152105516	152111376
Csnk2a1	2	152226839	152281852
Tbc1d20	2	152293828	152313996
Rbck1	2	152316334	152332653
Trib3	2	152337422	152344032
Sox12	2	152393611	152398063
Zcchc3	2	152411955	152415027
H13	2	152669461	152708670
Mcts2	2	152687035	152687946
Id1	2	152736251	152737410
Bcl2l1	2	152780668	152831728
Tpx2	2	152847964	152895321
Pdrg1	2	153008890	153015427
Hck	2	153108468	153151441
Tm9sf4	2	153161303	153210466
Plagl2	2	153227759	153241426
Pofut1	2	153241533	153270247
Kif3b	2	153291413	153333390
Asxl1	2	153345829	153404007
Nol4l	2	153407462	153529971
Commd7	2	153616933	153632781
Dnmt3b	2	153649450	153687730
Mapre1	2	153741274	153773310
Cdk5rap1	2	154335380	154373010
Snta1	2	154376313	154408099
Cbfa2t2	2	154436481	154539356
E2f1	2	154559407	154569892
Pxmp4	2	154585758	154603708
Chmp4b	2	154651705	154694785
Raly	2	154791096	154867261
Eif2s2	2	154871410	154892935
Ahcy	2	155059310	155074497
Itch	2	155133509	155226855
Dynlrb1	2	155236533	155250277
Map1lc3a	2	155276297	155278073
Pigu	2	155278243	155357430
Trp53inp2	2	155381059	155389850
Ncoa6	2	155390656	155473894
Acss2	2	155517948	155585724
Gss	2	155563181	155592810
Trpc4ap	2	155634271	155692384
Edem2	2	155701677	155729475
Procr	2	155751117	155755471
BC029722	2	155817730	155819426
Eif6	2	155819832	155826925
Uqcc1	2	155846894	155930310
Cep250	2	155956458	155998900
Ergic3	2	156008045	156018279
Rbm12	2	156091958	156111978
Nfs1	2	156123639	156144186
Romo1	2	156144039	156145797
Rbm39	2	156147239	156180238
Phf20	2	156196466	156309952
Scand1	2	156311846	156312747
Epb41l1	2	156420909	156543214
Aar2	2	156547584	156568972
Dlgap4	2	156613705	156764363
Tgif2	2	156840007	156855570
4930518I15Rik	2	156856616	156858212
Ndrg3	2	156927345	156992056
Dsn1	2	156995265	157007154
Soga1	2	157015799	157079254
Samhd1	2	157097533	157135265
Rbl1	2	157145893	157204534
Rpn2	2	157279017	157326319
Manbal	2	157367594	157396763
Src	2	157418444	157471862
Blcap	2	157556362	157571274
Ctnnbl1	2	157737401	157891614
Vstm2l	2	157914653	157944719
Tti1	2	157981803	158028433
Rprd1b	2	158028497	158132297
Tgm2	2	158116402	158146436
Lbp	2	158306493	158332852
Ralgapb	2	158409848	158499253
Actr5	2	158624888	158639211
Ppp1r16b	2	158665398	158766334
Fam83d	2	158768093	158786637
Dhx35	2	158794807	158858214
Mafb	2	160363703	160367065
Top1	2	160645888	160722764
Plcg1	2	160731300	160775760
Zhx3	2	160748708	160872998
Lpin3	2	160880670	160906002
Chd6	2	160946978	161109075
Srsf6	2	162931528	162937121
Ift52	2	163017354	163046141
Mybl2	2	163054687	163084688
Tox2	2	163203125	163324170
Oser1	2	163405822	163424697
Fitm2	2	163466379	163472629
Hnf4a	2	163506808	163572910
Ttpal	2	163602314	163619013
Serinc3	2	163623272	163645131
Pkig	2	163658386	163726158
Ada	2	163726584	163750239
Ywhab	2	163994960	164018588
Pabpc1l	2	164025450	164050538
Tomm34	2	164053540	164071169
Stk4	2	164070322	164155524
Slpi	2	164354070	164389095
Matn4	2	164389393	164405160
Sdc4	2	164424247	164443887
Sys1	2	164456964	164479638
Pigt	2	164497520	164508301
Wfdc2	2	164562413	164568510
Dnttip1	2	164745983	164768607
Ube2c	2	164769898	164778822
Snx21	2	164785823	164793816
Acot8	2	164792765	164804882
Zswim3	2	164805098	164822130
Zswim1	2	164822686	164826871
Neurl2	2	164830732	164833456
Ctsa	2	164832873	164841032
Pltp	2	164839518	164857711
Pcif1	2	164879304	164894454
Zfp335	2	164891882	164911757
Mmp9	2	164940780	164955850
Ncoa5	2	165000357	165034867
Cd40	2	165055627	165072948
Slc35c2	2	165276554	165287869
Elmo2	2	165288031	165326479
Zfp334	2	165374264	165388259
Slc13a3	2	165405028	165473230
Trp53rka	2	165490110	165493324
Eya2	2	165595032	165771727
Zmynd8	2	165784152	165899016
Ncoa3	2	165992636	166073242
Sulf2	2	166073089	166155663
Prex1	2	166566342	166713832
Trp53rkb	2	166792531	166799505
Arfgef2	2	166805588	166898052
Cse1l	2	166906040	166946389
Stau1	2	166947549	166996299
Ddx27	2	167015193	167034947
Znfx1	2	167035793	167063015
Ptgis	2	167191805	167240604
B4galt5	2	167298444	167349183
Slc9a8	2	167421712	167477000
Spata2	2	167481133	167492887
Rnf114	2	167492645	167516173
Snai1	2	167538195	167542814
Tmem189	2	167642608	167689822
Cebpb	2	167688915	167690418
Ptpn1	2	167932057	167979385
Pard6b	2	168081004	168101203
Dpm1	2	168209048	168230591
Mocs3	2	168230622	168232594
Nfatc2	2	168476410	168601657
Atp9a	2	168634438	168742409
Zfp64	2	168893331	168955587
Tshz2	2	169633013	170071816
Zfp217	2	170108643	170148103
Bcas1	2	170346991	170427845
Pfdn4	2	170496428	170519123
Fam210b	2	172345565	172355749
Aurka	2	172356190	172370535
Cstf1	2	172370681	172382448
Cass4	2	172393794	172433757
Rae1	2	173000117	173015739
Rbm38	2	173020498	173034734
Zbp1	2	173206612	173218923
Pmepa1	2	173224458	173276533
Rab22a	2	173659760	173707343
Vapb	2	173737511	173784339
Stx16	2	174076308	174099771
Npepl1	2	174110349	174123070
Gnas	2	174284320	174346744
Gm20721	2	174330319	174346712
Nelfcd	2	174415804	174427502
Ctsz	2	174427493	174439039
Atp5e	2	174461072	174464105
Prelid3b	2	174465067	174473081
Zfp931	2	178067695	178078476
Ppp1r3d	2	178411206	178414472
Fam217b	2	178414524	178424428
Taf4	2	179912152	179976646
Lsm14b	2	180024987	180035465
Psma7	2	180036374	180042433
Ss18l1	2	180042509	180070201
Mtg2	2	180070588	180085902
Osbpl2	2	180119306	180162680
Adrm1	2	180171485	180176286
Lama5	2	180176373	180225859
Cables2	2	180258540	180273496
Gata5	2	180325133	180334699
Slco4a1	2	180456245	180474867
Mrgbp	2	180581304	180586304
Ogfr	2	180589245	180595836
Dido1	2	180657964	180709999
Gid8	2	180710117	180718733
Slc17a9	2	180725263	180742280
Ythdf1	2	180904377	180920949
Nkain4	2	180934772	180954699
Arfgap1	2	180967225	180982526
Ppdpf	2	181187247	181188771
Helz2	2	181227615	181242027
Gmeb2	2	181251449	181288035
Rtel1	2	181319739	181356616
Arfrp1	2	181357690	181365404
Zgpat	2	181364928	181383628
Zbtb46	2	181387762	181459426
Tpd52l2	2	181497142	181517966
Dnajc5	2	181520485	181555133
Uckl1	2	181569149	181584892
Zfp512b	2	181582103	181592803
Prpf6	2	181591868	181655660
Samd10	2	181595218	181599212
Rgs19	2	181688419	181693977
Pcmtd2	2	181837854	181857461
Polr3k	2	181864337	181870830
Hnf4g	3	3508030	3658052
Zfhx4	3	5218526	5415857
Pex2	3	5560188	5576239
Zc2hc1a	3	7503483	7553836
Hey1	3	8663359	8667256
Tpd52	3	8925593	9004723
Zbtb10	3	9250602	9285333
Zfp704	3	9427020	9610085
Pag1	3	9687479	9833679
Fabp5	3	10012548	10016607
Fabp4	3	10204088	10208576
Impa1	3	10311956	10331439
Zfand1	3	10339953	10351317
Chmp4c	3	10366907	10428856
Snx16	3	10417817	10440102
Lrrcc1	3	14533788	14572658
E2f5	3	14578641	14606309
1810022K09Rik	3	14606284	14611285
Car13	3	14641727	14663002
Car1	3	14766216	14808368
Car2	3	14886273	14900770
Gm9733	3	15296551	15332302
Sirpb1a	3	15371653	15426520
Sirpb1b	3	15495751	15575065
Sirpb1c	3	15795145	15848528
Gm5150	3	15946870	16006437
Ythdf3	3	16183212	16217037
Armc1	3	19131402	19163065
Mtfr1	3	19187327	19220817
Pde7a	3	19223108	19311322
Cp	3	19957054	20009145
Hps3	3	19995945	20035315
Hltf	3	20057811	20118490
Gyg	3	20122084	20155317
Cpa3	3	20215620	20242181
Tbl1xr1	3	22076652	22216594
Nlgn1	3	25426215	26332460
Ect2	3	27097222	27153878
Nceh1	3	27182965	27284608
Fndc3b	3	27416162	27711307
Tmem212	3	27866066	27896368
Pld1	3	27938695	28133362
Tnik	3	28263214	28675858
Eif5a2	3	28781276	28798846
Mecom	3	29951296	30548008
Mynn	3	30602065	30619873
Sec62	3	30792875	30821263
Gpr160	3	30855950	30897192
Phc3	3	30899371	30969415
Prkci	3	30995747	31052959
Skil	3	31095058	31122577
Zmat3	3	32334792	32366014
Pik3ca	3	32397671	32468486
Zfp639	3	32510259	32520833
Mfn1	3	32529465	32579239
Gnb4	3	32580332	32616585
Actl6a	3	32706298	32726973
Ndufb5	3	32736990	32751566
Usp13	3	32817546	32938071
Ttc14	3	33799832	33814860
Fxr1	3	34019943	34070322
Dnajc19	3	34056020	34081321
Sox2	3	34650405	34652461
Atp11b	3	35754106	35856276
Dcun1d1	3	35892105	35937445
Mccc1	3	35959312	36000678
Acad9	3	36065979	36092853
D3Ertd254e	3	36151017	36170342
Anxa5	3	36448923	36475894
Exosc9	3	36552606	36565727
Ccna2	3	36564865	36572150
4932438A13Rik	3	36863104	37053033
Il2	3	37120523	37125959
Cetn4	3	37307749	37312708
Bbs12	3	37312554	37321453
Fgf2	3	37348346	37410108
Nudt6	3	37404910	37420211
Spata5	3	37419896	37579096
Spry1	3	37639947	37644598
Ankrd50	3	38449259	38484844
Intu	3	40531286	40704774
Hspa4l	3	40744495	40796103
Plk4	3	40800019	40816883
Mfsd8	3	40818103	40846886
Abhd18	3	40846970	40938138
Larp1b	3	40949828	41040234
Pgrmc2	3	41066326	41083046
Jade1	3	41555731	41616864
Sclt1	3	41626720	41742514
D3Ertd751e	3	41742611	41803320
Slc7a11	3	49892526	50443614
Noct	3	51224447	51251644
Elf2	3	51252720	51340663
Mgarp	3	51388412	51396738
Ndufc1	3	51404677	51408988
Naa15	3	51415148	51476507
Rab33b	3	51483920	51496232
Setd7	3	51515319	51560879
Mgst2	3	51660360	51682677
Maml3	3	51685907	52105076
Foxo1	3	52268336	52353221
Cog6	3	52981875	53017237
Lhfp	3	53041528	53261679
Nhlrc3	3	53448583	53463332
Proser1	3	53463666	53481755
Ufm1	3	53853376	53863830
Postn	3	54361109	54391037
Supt20	3	54692807	54728766
Exosc8	3	54728678	54735393
Alg5	3	54735539	54751318
Rfxap	3	54803115	54807791
Spg20	3	55112108	55137322
Dclk1	3	55242364	55539068
Nbea	3	55625195	56183701
Tm4sf1	3	57285611	57301988
Tm4sf4	3	57425314	57441677
Wwtr1	3	57455649	57575910
Commd2	3	57644349	57651715
Rnf13	3	57736062	57835233
Pfn2	3	57841895	57848079
Tsc22d2	3	58414715	58466783
Serp1	3	58519817	58525892
Eif2a	3	58525821	58557501
Selenot	3	58576636	58593133
Siah2	3	58674938	58692400
Med12l	3	59005825	59318682
Gpr171	3	59096448	59101821
P2ry14	3	59113855	59153618
P2ry13	3	59207892	59210882
P2ry12	3	59216272	59262871
Aadac	3	60025717	60040160
Mbnl1	3	60472830	60629750
P2ry1	3	61002795	61008982
Rap2b	3	61361638	61368430
Dhx36	3	62468013	62507004
Plch1	3	63696234	63899472
E130311K13Rik	3	63914684	63929472
Slc33a1	3	63933507	63964768
Gmps	3	63976106	64022579
Kcnab1	3	65109384	65378223
Ssr3	3	65379655	65392623
Tiparp	3	65528410	65555518
Lekr1	3	65666228	65831355
Ccnl1	3	65946151	65958249
Rsrc1	3	66981390	67358396
Gfm1	3	67430096	67476529
Lxn	3	67457998	67463926
Mfsd1	3	67582741	67604237
Schip1	3	68064802	68626481
Ift80	3	68892499	69004570
Smc4	3	69004738	69034623
Trim59	3	69035288	69044755
Kpna4	3	69067149	69127113
Arl14	3	69222419	69223618
Ppm1l	3	69316861	69560802
B3galnt1	3	69574158	69598960
Nmd3	3	69721985	69756373
Sptssb	3	69819542	69859940
Bche	3	73635808	73708415
Pdcd10	3	75516490	75556856
Serpini1	3	75557547	75643495
Golim4	3	75875084	75956949
Rapgef2	3	79062516	79286517
Fnip2	3	79455974	79567796
Ppid	3	79591342	79603650
Etfdh	3	79603788	79629500
4930579G24Rik	3	79629079	79632820
Pdgfc	3	81036416	81214040
Ctso	3	81932601	81956725
Plrg1	3	83055522	83072355
Sfrp2	3	83766321	83774316
Tlr2	3	83836272	83841767
Mnd1	3	84087933	84155786
Trim2	3	84160439	84306877
Fhdc1	3	84442198	84480429
Arfip1	3	84496093	84582625
Tmem154	3	84666192	84704575
Fbxw7	3	84815268	84979198
Gatb	3	85574119	85655622
Fam160a1	3	85660061	85817291
Glt28d2	3	85869849	85887516
Sh3d19	3	85971109	86130526
Lrba	3	86224680	86782692
Dclk2	3	86786151	86920852
Cd1d1	3	86995834	86999441
Kirrel	3	87078593	87174747
Fcrls	3	87250758	87263738
Cd5l	3	87357881	87371073
Fcrl1	3	87376387	87402934
Etv3	3	87525407	87540156
Arhgef11	3	87617559	87738034
Pear1	3	87747890	87824306
Sh2d2a	3	87846755	87855722
Prcc	3	87858903	87885608
Hdgf	3	87906321	87916132
Rrnad1	3	87922601	87930717
Isg20l2	3	87930314	87940686
Nes	3	87971078	87980451
Gpatch4	3	88043108	88055993
Iqgap3	3	88081971	88121048
Mef2d	3	88142372	88172086
Cct3	3	88297116	88321767
Glmp	3	88325023	88331313
Tmem79	3	88328655	88336148
Smg5	3	88336260	88362338
Pmf1	3	88394143	88410331
Slc25a44	3	88410498	88425139
Sema4a	3	88435959	88461182
Lmna	3	88480147	88509956
Mex3a	3	88532395	88541396
Lamtor2	3	88549819	88553074
Ubqln4	3	88553758	88569725
Ssr2	3	88575876	88588419
Arhgef2	3	88605966	88648052
Rit1	3	88716838	88731049
Syt11	3	88744700	88775164
Gon4l	3	88835231	88910103
Msto1	3	88905107	88913999
Dap3	3	88920803	88951181
Ash1l	3	88950622	89079375
Rusc1	3	89083981	89093311
Fdps	3	89093588	89101959
Pklr	3	89136142	89146784
Clk2	3	89164795	89176921
Scamp3	3	89177473	89182765
Fam189b	3	89183143	89189295
Gba	3	89202928	89208966
Mtx1	3	89209081	89227088
Thbs3	3	89215180	89226837
Muc1	3	89229057	89233381
Trim46	3	89234177	89246309
Krtcap2	3	89245966	89249906
Dpm3	3	89259358	89267079
Slc50a1	3	89268246	89270570
Efna1	3	89271733	89281142
Efna4	3	89333390	89338028
Adam15	3	89338542	89349996
Zbtb7b	3	89377644	89394776
Flad1	3	89401004	89411870
Cks1b	3	89415472	89418383
Shc1	3	89418443	89430027
Pygo2	3	89430214	89435128
Pbxip1	3	89436706	89450952
Pmvk	3	89454541	89469013
Adar	3	89715022	89753446
Ube2q1	3	89773616	89784000
Il6ra	3	89864059	89913196
Atp8b2	3	89939481	89963508
Ubap2l	3	90000140	90052628
4933434E20Rik	3	90051636	90068347
Tpm3	3	90072649	90100902
Rab13	3	90213695	90226385
Jtb	3	90231597	90235838
Creb3l4	3	90237500	90243512
Slc39a1	3	90248172	90253612
Crtc2	3	90254163	90264125
Dennd4b	3	90265185	90280669
Gatad2b	3	90293178	90363407
Ints3	3	90391388	90433622
Ilf2	3	90476126	90488379
Snapin	3	90488026	90491033
Chtop	3	90498956	90509498
S100a1	3	90511034	90514392
S100a13	3	90514435	90524581
S100a14	3	90526856	90528837
S100a16	3	90537254	90543151
S100a4	3	90603771	90606045
S100a6	3	90612882	90624181
S100a8	3	90668978	90670035
S100a9	3	90692632	90695721
Sprr2a3	3	92285417	92291405
Gm9774	3	92428032	92429423
Sprr1a	3	92483952	92485895
Ivl	3	92570902	92573735
S100a11	3	93520488	93526287
S100a10	3	93555080	93564643
Them4	3	94310089	94332540
Rorc	3	94372794	94398276
Tdrkh	3	94413273	94434668
Snx27	3	94497544	94582716
Tuft1	3	94612757	94658872
Cgn	3	94760069	94786492
Pogz	3	94837567	94882326
Psmb4	3	94884093	94886961
Selenbp1	3	94933056	94944758
Rfx5	3	94954075	94961561
Pi4kb	3	94974731	95006843
Zfp687	3	95006590	95015448
Psmd4	3	95032694	95042614
Pip5k1a	3	95058530	95106930
Vps72	3	95111022	95123051
Scnm1	3	95129536	95134011
Tnfaip8l2	3	95139521	95142360
Gabpb2	3	95181766	95217916
Mllt11	3	95219135	95232171
Cdc42se1	3	95228732	95236409
Prune1	3	95253674	95282076
Anxa9	3	95296096	95307176
Cers2	3	95314791	95323599
Setdb1	3	95323525	95357202
Arnt	3	95434388	95497240
Ctsk	3	95499256	95509362
Ctss	3	95526786	95556403
Golph3l	3	95588934	95619247
Ensa	3	95624993	95632102
Mcl1	3	95658788	95663176
Adamtsl4	3	95676201	95687917
Ecm1	3	95734147	95739569
Tars2	3	95739976	95760206
Rprd2	3	95760341	95818863
Prpf3	3	95830124	95855885
Ciart	3	95878503	95882251
BC028528	3	95883954	95892005
Aph1a	3	95893969	95898288
Anp32e	3	95929246	95947390
Plekho1	3	95988429	95996001
Vps45	3	95999832	96058466
Otud7b	3	96104527	96161129
Mtmr11	3	96162004	96171718
Sf3b4	3	96172332	96177564
Bola1	3	96196588	96219709
Hist2h2be	3	96221119	96223738
Hist2h3c1	3	96246685	96248509
Hist2h4	3	96261682	96263311
Fcgr1	3	96282909	96293969
Txnip	3	96557957	96561883
Polr3gl	3	96577872	96594181
Lix1l	3	96601149	96626171
Rbm8a	3	96629933	96633791
Pex11b	3	96635376	96645366
Pias3	3	96696384	96706070
Nudt17	3	96706067	96708562
Polr3c	3	96711490	96727628
Rnf115	3	96727664	96791638
Gpr89	3	96868281	96905346
Acp6	3	97158777	97177299
Bcl9	3	97203662	97297917
Chd1l	3	97560742	97610203
Fmo5	3	97628804	97655282
Prkab2	3	97658193	97673812
Pde4dip	3	97689824	97888707
Sec22b	3	97901190	97923276
Notch2	3	98013527	98150361
Hmgcs2	3	98280435	98310738
Phgdh	3	98313170	98339990
Zfp697	3	98382461	98753812
Hsd3b3	3	98741523	98763127
Wars2	3	99141068	99239186
Wdr3	3	100138180	100162407
Gdap2	3	100162381	100206981
Man1a2	3	100562208	100685503
Vtcn1	3	100825459	100896922
Trim45	3	100922202	100936920
Ttf2	3	100938860	100969663
Cd101	3	100993529	101029556
Ptgfrn	3	101040232	101110278
Cd2	3	101275899	101287939
Igsf3	3	101377083	101463059
Atp1a1	3	101576219	101604684
Slc22a15	3	101855776	101924453
Vangl1	3	102153583	102204693
Ngf	3	102469919	102521013
Tspan2	3	102734529	102801513
Sike1	3	102995708	103008459
Csde1	3	103020426	103058186
Nras	3	103058285	103067914
Dennd2c	3	103102604	103169769
Bcas2	3	103171655	103179166
Trim33	3	103279293	103358775
Olfml3	3	103722222	103738001
Hipk1	3	103739815	103791563
Dclre1b	3	103800605	103809444
Ap4b1	3	103809520	103822025
Ptpn22	3	103859795	103912247
Rsbn1	3	103914120	103966636
Phtf1	3	103968110	104024598
Magi3	3	104013259	104220374
Lrig2	3	104396418	104511918
Slc16a1	3	104638668	104658462
Ppm1j	3	104781056	104786018
Rhoc	3	104788375	104794459
Mov10	3	104794836	104818563
Capza1	3	104822779	104864505
St7l	3	104864005	104930064
Cttnbp2nl	3	105001915	105053146
Ddx20	3	105678270	105687574
Rap1a	3	105727267	105801336
I830077J02Rik	3	105924358	105932664
Atp5f1	3	105942698	105960099
Wdr77	3	105959369	105970037
Chil3	3	106147554	106167564
Dennd2d	3	106482405	106503030
Cept1	3	106502260	106547802
Dram2	3	106547798	106575890
Lrif1	3	106684987	106736577
Cd53	3	106759921	106790149
Lamtor5	3	107278858	107284082
Rbm15	3	107325421	107333673
Strip1	3	107612532	107631694
Ahcyl1	3	107663118	107696560
Csf1	3	107741048	107760469
Eps8l3	3	107877229	107892900
Gstm5	3	107895821	107898686
Gstm2	3	107981702	107986453
Gstm1	3	108012255	108017973
Gstm4	3	108040408	108044894
Ampd2	3	108074062	108086651
Gnai3	3	108107280	108146146
Amigo1	3	108186335	108192286
Cyb561d1	3	108195687	108201212
Atxn7l2	3	108202222	108210934
Psma5	3	108256926	108279974
Sort1	3	108284082	108361511
Psrc1	3	108383839	108388231
Celsr2	3	108390851	108415552
Sars	3	108424865	108445209
5330417C22Rik	3	108455694	108536536
Tmem167b	3	108556425	108562466
Taf13	3	108571698	108583222
Wdr47	3	108591279	108645719
Clcc1	3	108653913	108678840
Gpsm2	3	108678638	108722309
Stxbp3	3	108793176	108840526
Prpf38b	3	108902805	108911727
Fam102b	3	108970997	109027607
Slc25a24	3	109123149	109168457
Vav3	3	109340653	109685698
Prmt6	3	110246109	110250998
Rnpc3	3	113605067	113630149
S1pr1	3	115710433	115715072
Dph5	3	115887837	115934361
Slc30a7	3	115938973	116007406
Extl2	3	116007462	116029017
Vcam1	3	116109949	116129688
Cdc14a	3	116272553	116424032
Rtca	3	116488963	116508208
Dbt	3	116513070	116549981
Lrrc39	3	116562973	116583134
Trmt13	3	116581093	116614587
Sass6	3	116594982	116631004
Mfsd14a	3	116631164	116662677
Slc35a3	3	116669470	116712831
Agl	3	116739999	116808166
Frrs1	3	116859464	116908177
Palmd	3	116918258	116968987
Snx7	3	117781647	117868936
Ptbp2	3	119718742	119784466
Tmem56	3	121201761	121283098
Alg14	3	121291773	121363094
Cnn3	3	121426497	121458207
Slc44a3	3	121459528	121532404
F3	3	121723537	121735048
Abcd3	3	121758774	121815302
Arhgap29	3	121952541	122016753
Gclm	3	122245557	122270732
Dnttip2	3	122274388	122285271
Bcar3	3	122294136	122530191
Fnbp1l	3	122538719	122619715
Pde5a	3	122728947	122859374
1810037I17Rik	3	122924203	122926184
Usp53	3	122931493	122984510
Sec24d	3	123267455	123365641
Mettl14	3	123368297	123386108
Prss12	3	123446913	123506597
Camk2d	3	126596302	126846326
Larp7	3	127536714	127553349
Zgrf1	3	127553489	127618023
Alpk1	3	127670310	127780527
Tifa	3	127789805	127832164
Ap1ar	3	127807007	127837523
Enpep	3	129269175	129332720
Elovl6	3	129532355	129638495
Egf	3	129677565	129755316
Gar1	3	129824912	129831396
Cfi	3	129835884	129875332
Pla2g12a	3	129878606	129895825
Casp6	3	129901425	129914103
Mcub	3	129914960	129970206
Sec24b	3	129982759	130061553
Etnppl	3	130617448	130637521
Ostc	3	130695912	130709444
Lef1	3	131110471	131224356
Hadh	3	131233419	131272101
Sgms2	3	131318985	131491411
Papss1	3	131564768	131643671
Gimd1	3	132629820	132645351
Aimp1	3	132660499	132684370
Tbck	3	132684144	132841688
Npnt	3	132881745	132950291
Gstcd	3	132981752	133092033
Ints12	3	133091840	133110988
Ppa2	3	133310110	133378235
Tet2	3	133463679	133545139
Cxxc4	3	134236484	134262161
Cenpe	3	135212537	135273611
Bdh2	3	135281221	135304426
Cisd2	3	135406412	135423925
Ube2d3	3	135438149	135468198
Manba	3	135485611	135571404
Nfkb1	3	135584655	135691547
Slc39a8	3	135825279	135888572
Bank1	3	136053363	136326066
Ppp3ca	3	136670124	136937727
H2afz	3	137864487	137866922
Dnajb14	3	137867675	137916557
Lamtor3	3	137918506	137928900
Dapp1	3	137931007	137981545
Mttp	3	138089854	138144968
Trmt10a	3	138143448	138159821
Adh7	3	138217760	138233382
Adh1	3	138260991	138290698
Adh5	3	138443093	138455499
Metap1	3	138458956	138489515
Eif4e	3	138526179	138559696
Tspan5	3	138742195	138907905
Rap1gds1	3	138925902	139075201
Unc5c	3	141465216	141834924
Pdlim5	3	142239590	142395696
Gbp5	3	142493978	142522344
Gbp7	3	142530342	142550149
Gbp3	3	142560026	142573209
Gbp2	3	142620602	142638008
Kyat3	3	142701051	142746870
Gtf2b	3	142765045	142783606
Pkn2	3	142790902	142882004
Lmo4	3	144188530	144205220
Hs2st1	3	144429706	144570181
Selenof	3	144570304	144597680
Sh3glb1	3	144683678	144720335
Clca3a1	3	144729677	144760977
Clca3b	3	144822623	144849357
Clca1	3	145003817	145032776
Odf2l	3	145118588	145153915
Znhit6	3	145576205	145604795
Ddah1	3	145758675	145894277
Bcl10	3	145922804	145934356
2410004B18Rik	3	145938014	145944829
Ssx2ip	3	146404642	146440144
Ctbs	3	146449795	146465849
Spata1	3	146457196	146499753
Gng5	3	146499807	146505572
Rpf1	3	146505956	146521429
Prkacb	3	146729574	146812990
Ttll7	3	146852367	146984009
Adgrl2	3	148815583	148990555
Ifi44	3	151730922	151749960
Gipc2	3	152093533	152166230
Dnajb4	3	152178511	152210302
Fubp1	3	152210422	152236826
Miga1	3	152273849	152340407
Usp33	3	152346478	152393617
Zzz3	3	152395473	152462826
Pigk	3	152714100	152980408
Rabggtb	3	153907287	153913009
Acadm	3	153922357	153944632
Cryz	3	154596711	154623182
Fpgt	3	155084918	155093403
Zranb2	3	157534160	157548410
Cth	3	157894248	157925077
Ankrd13c	3	157947239	158008034
Srsf11	3	158010473	158036639
Lrrc40	3	158036662	158068487
Wls	3	159839672	159938664
Tmem68	4	3549041	3574853
Tgs1	4	3574875	3616619
Lyn	4	3678115	3813122
Chchd7	4	3938888	3951046
Gm11808	4	3973092	3973595
Penk	4	4133531	4138819
Impad1	4	4762484	4793355
Ubxn2b	4	6191098	6221688
Sdcbp	4	6365650	6408423
Nsmaf	4	6396207	6454271
Tox	4	6686353	6991557
Car8	4	8143362	8239041
Rab2a	4	8535644	8607778
Chd7	4	8690406	8867659
Asph	4	9448069	9669344
2610301B20Rik	4	10874498	10899425
Plekhf2	4	10988662	11007927
Ndufaf6	4	11051045	11076205
Trp53inp1	4	11156431	11174379
Ccne2	4	11191351	11204779
Ints8	4	11199158	11254258
Dpy19l4	4	11261315	11322137
Fsbp	4	11579665	11587591
Gem	4	11704457	11714752
Cdh17	4	11758147	11817895
Pdp1	4	11958184	11966452
Tmem67	4	12039355	12090020
Rbm12b2	4	12089439	12096243
Rbm12b1	4	12140264	12146731
Fam92a	4	12153409	12172015
Otud6b	4	14809498	14826587
Tmem64	4	15265831	15286753
Decr1	4	15917240	15945507
Nbn	4	15957925	15992589
Osgin2	4	15997121	16013888
Ripk2	4	16122733	16163647
Cpne3	4	19519254	19570108
Rmdn1	4	19575162	19606932
Wwp1	4	19608303	19708993
Atp6v0d2	4	19876841	19922605
Ggh	4	20042052	20066750
Ccnc	4	21727701	21759922
Tstd3	4	21757382	21767212
Usp45	4	21767156	21837872
Pnisr	4	21847583	21876475
Coq3	4	21879673	21912162
Fbxl4	4	22357543	22434091
Pou3f2	4	22482780	22488366
Mms22l	4	24496451	24602950
Ndufaf4	4	24898083	24905001
Ufl1	4	25248600	25281821
Manea	4	26324506	26346891
Epha7	4	28813131	28967499
Map3k7	4	31964097	32023467
Bach2	4	32238804	32586108
Casp8ap2	4	32615451	32653265
Mdn1	4	32657119	32775217
Lyrm2	4	32800253	32801559
Rragd	4	32983037	33022180
Ube2j1	4	33031416	33052363
Pnrc1	4	33245423	33290163
Rngtt	4	33310311	33502614
Akirin2	4	34550937	34566908
Orc3	4	34570796	34614944
Rars2	4	34614957	34660167
Slc35a1	4	34663257	34687438
Smim8	4	34768664	34778423
Zfp292	4	34803113	34882960
Mob3b	4	34949074	35157484
Aco1	4	40143081	40198338
Ddx58	4	40203773	40239828
Topors	4	40259601	40269850
Ndufb6	4	40270591	40279421
Aptx	4	40682382	40703194
Dnaja1	4	40722150	40737149
Smu1	4	40736542	40757923
B4galt1	4	40804602	40854005
Spink4	4	40920052	40931395
Bag1	4	40936398	40948294
Chmp5	4	40948407	40965303
Nfx1	4	40970906	41025993
Nol6	4	41114427	41124455
Ube2r2	4	41135743	41193380
Ubap2	4	41194313	41275144
Dcaf12	4	41291300	41314889
Ubap1	4	41348996	41390525
Nudt2	4	41465151	41480926
Fam219a	4	41517691	41569538
Il11ra1	4	41699989	41769474
Dctn3	4	41714798	41723170
Sigmar1	4	41738493	41756157
Galt	4	41755228	41758695
Dnajb5	4	42949814	42959425
Vcp	4	42979963	43000507
Fancg	4	43002343	43010506
Pigo	4	43017635	43025819
Stoml2	4	43027690	43031710
Fam214b	4	43032414	43046220
Unc13b	4	43058953	43264871
Rusc2	4	43381979	43427088
Tesk1	4	43441939	43448064
Cd72	4	43446462	43454628
Ccdc107	4	43492900	43495921
Arhgef39	4	43496142	43499695
Car9	4	43506966	43513729
Tpm2	4	43514711	43523765
Tln1	4	43531519	43562691
Creb3	4	43562332	43567060
Gba2	4	43566928	43578873
Rgp1	4	43578715	43587487
Npr2	4	43631935	43651244
Hint2	4	43654227	43656466
Tmem8b	4	43668971	43692668
Hrct1	4	43727188	43728639
Glipr2	4	43957401	43979118
Clta	4	44004452	44032846
Gne	4	44034075	44084177
Rnf38	4	44126210	44233789
Melk	4	44300876	44364675
Pax5	4	44524757	44710487
Zcchc7	4	44755877	44932215
Grhpr	4	44981395	44990734
Zbtb5	4	44991242	45012412
Polr1e	4	45018583	45036565
Fbxo10	4	45034247	45084604
Tomm5	4	45105208	45108114
Trmt10b	4	45297127	45316131
Exosc3	4	45316613	45342732
Dcaf10	4	45342101	45379759
Slc25a51	4	45395923	45408766
Shb	4	45423278	45532470
Aldh1b1	4	45799022	45804604
Ccdc180	4	45890303	45950774
Tdrd7	4	45965334	46034761
Tmod1	4	46038935	46116032
Tstd2	4	46114746	46138694
Ncbp1	4	46138613	46172403
Xpa	4	46155347	46196311
Trmo	4	46376505	46389437
Hemgn	4	46393989	46413506
Anp32b	4	46450902	46472657
Nans	4	46489248	46503632
Coro2a	4	46536937	46602202
Tbc1d2	4	46604390	46650209
Galnt12	4	47091909	47123070
Col15a1	4	47208161	47313167
Tgfbr1	4	47353222	47414931
Alg2	4	47465067	47474333
Sec61b	4	47474658	47483242
Nr4a3	4	48045153	48086447
Stx17	4	48124915	48186507
Erp44	4	48193323	48279558
Invs	4	48279760	48431954
Tex10	4	48430858	48473459
Msantd3	4	48539935	48561919
Zfp189	4	49521176	49531517
Aldob	4	49535995	49549546
Tmem246	4	49584506	49597876
Rnf20	4	49632006	49656887
Smc2	4	52439243	52488260
Nipsnap3b	4	53011880	53022060
Abca1	4	53030787	53159895
Slc44a1	4	53440413	53622478
Fsd1l	4	53631471	53707009
Fktn	4	53713998	53777890
Tmem38b	4	53826045	53862019
Zfp462	4	54945048	55083563
Rad23b	4	55350043	55392237
Klf4	4	55527143	55532466
Ctnnal1	4	56810935	56865188
Tmem245	4	56866923	56947437
Epb41l4b	4	56991972	57143437
Ptpn3	4	57190841	57301837
Txn1	4	57943373	57956411
Svep1	4	58042442	58206859
Lpar1	4	58435255	58553898
Ptgr1	4	58965439	58987119
Dnajc25	4	58995062	59025573
Ugcg	4	59189257	59222833
Susd1	4	59314683	59438633
Ptbp3	4	59471868	59549364
Hsdl2	4	59581563	59618689
E130308A19Rik	4	59626211	59761439
Inip	4	59769637	59801589
Snx30	4	59805840	59904737
Slc31a2	4	62262562	62298411
Fkbp15	4	62300342	62360548
Slc31a1	4	62360727	62391769
Cdc26	4	62383654	62408642
Prpf4	4	62408797	62426990
Rnf183	4	62427540	62435252
Alad	4	62509169	62519918
Pole3	4	62522649	62525068
Zfp618	4	62965573	63139708
Kif12	4	63165630	63172131
Col27a1	4	63214004	63334991
Orm1	4	63344560	63348163
Akna	4	63367125	63403354
Whrn	4	63414910	63495991
Atp6v1g1	4	63544772	63550750
Tmem268	4	63558781	63586357
Tnfsf8	4	63831308	63861347
Tnc	4	63959785	64047015
Trim32	4	65604986	65616238
Tlr4	4	66827584	66930284
Cdk5rap2	4	70216856	70410443
Megf9	4	70427065	70534995
Tle1	4	72117142	72200919
Aldoart1	4	72850583	72852634
Kdm4c	4	74242497	74405860
Ptprd	4	75941238	78211961
Lurap1l	4	80910646	80955628
Nfib	4	82290173	82705750
Zdhhc21	4	82798738	82859958
Ttc39b	4	83220300	83324255
Snapc3	4	83417724	83467676
Psip1	4	83455680	83486459
Ccdc171	4	83525545	83864670
Cntln	4	84884309	85131921
Adamtsl1	4	85514172	86428385
Rraga	4	86575668	86577285
Haus6	4	86578855	86612055
Plin2	4	86648386	86670060
Dennd4c	4	86748555	86850603
Acer2	4	86874396	86934822
Mllt3	4	87769925	88033364
Focad	4	88094629	88411011
Hacd4	4	88396144	88438928
Klhl9	4	88718292	88722465
Mtap	4	89137122	89181081
Cdkn2a	4	89274471	89294653
Cdkn2b	4	89306299	89311039
Tusc1	4	93334138	93335511
Caap1	4	94500081	94556796
Plaa	4	94567514	94603244
Ift74	4	94614491	94693229
Mysm1	4	94942040	94979100
Jun	4	95049034	95052222
Fggy	4	95557507	95926939
Hook1	4	95967240	96025413
Cyp2j6	4	96516138	96553661
Nfia	4	97772734	98118874
Tm2d1	4	98355370	98383306
Patj	4	98395785	98719603
Usp1	4	98923810	98935543
Dock7	4	98936671	99120915
Atg4c	4	99193934	99259787
Alg6	4	99715664	99763460
Itgb3bp	4	99765402	99929813
Pgm1	4	99929414	99987294
Ror1	4	100095791	100444765
Cachd1	4	100776675	101029220
Jak1	4	101152367	101265282
Ak4	4	101419277	101466995
Leprot	4	101647718	101659364
Lepr	4	101717404	101815352
Pde4b	4	102087543	102607259
Mier1	4	103114390	103165754
Slc35d1	4	103170649	103215164
Oma1	4	103313812	103371868
Plpp3	4	105157347	105232764
Usp24	4	106316213	106441322
Dhcr24	4	106561038	106589113
Pars2	4	106651069	106655282
Ttc4	4	106662256	106678944
Acot11	4	106744555	106804998
Ssbp3	4	106910701	107049694
Cyb5rl	4	107066988	107088268
Tceanc2	4	107134155	107179116
Tmem59	4	107178399	107200996
Lrrc42	4	107233514	107253532
Hspb11	4	107253593	107279938
Yipf1	4	107314363	107359823
Ndc1	4	107367784	107416346
Lrp8	4	107801869	107876840
Magoh	4	107879755	107887424
Cpt2	4	107903981	107923610
Scp2	4	108043839	108144998
Echdc2	4	108165437	108179308
Zyg11b	4	108229724	108301096
Coa7	4	108328140	108341544
Prpf38a	4	108563172	108579336
Orc1	4	108579423	108614833
Cc2d1b	4	108619940	108634123
Zfyve9	4	108637466	108780798
Btf3l4	4	108814295	108833614
Txndc12	4	108834601	108862127
Kti12	4	108847785	108849413
Nrd1	4	109000655	109061777
Osbpl9	4	109061145	109202272
Eps15	4	109280268	109387817
Ttc39a	4	109406623	109444745
Rnf11	4	109451098	109484728
Cdkn2c	4	109660876	109667189
Faf1	4	109676588	109963960
Spata6	4	111719984	111829184
Skint3	4	112232245	112300468
Trabd2b	4	114406724	114615098
Cmpk1	4	114959336	114987241
Stil	4	115000159	115043196
Tal1	4	115056426	115071755
Pdzk1ip1	4	115088708	115093899
Cyp4x1	4	115106323	115134281
Cyp4b1	4	115624725	115647723
Efcab14	4	115737744	115777327
Atpaf1	4	115784812	115818828
Mob3c	4	115828092	115836185
Mknk1	4	115839198	115879250
Faah	4	115967145	116017926
Nsun4	4	116032842	116053876
Uqcrh	4	116066965	116075071
Lrrc41	4	116075269	116097043
Rad54l	4	116094264	116123690
Pomgnt1	4	116123840	116159849
Tspan1	4	116161869	116167601
Mast2	4	116306762	116464183
Ipp	4	116507549	116538243
Gpbp1l1	4	116557658	116593882
Nasp	4	116601052	116627941
Akr1a1	4	116636510	116651680
Prdx1	4	116685544	116700822
Mmachc	4	116702279	116708406
Ccdc163	4	116708509	116751206
Tesk2	4	116720948	116805956
Toe1	4	116794310	116807640
Urod	4	116989965	116994413
Hectd3	4	116995317	117005277
Eif2b3	4	117019402	117087306
Btbd19	4	117119219	117125725
Plk3	4	117128655	117133963
Kif2c	4	117159639	117182639
Tmem53	4	117251951	117268582
Rnf220	4	117271463	117497052
Eri3	4	117550365	117674297
Dmap1	4	117674681	117682273
Slc6a9	4	117834506	117875198
Atp6v0b	4	117884326	117887333
Dph2	4	117888643	117892032
Ipo13	4	117894486	117914999
St3gal3	4	117932154	118134914
Kdm4a	4	118136957	118180043
Ptprf	4	118208213	118291405
Szt2	4	118362743	118409273
Med8	4	118409337	118415782
Elovl1	4	118428093	118432953
Cdc20	4	118432901	118437352
2610528J11Rik	4	118526999	118530228
Tmem125	4	118540941	118544044
Ebna1bp2	4	118620799	118627776
Slc2a1	4	119108711	119137983
Zfp691	4	119169513	119174195
Ermap	4	119175457	119190011
Svbp	4	119195306	119201298
AU022252	4	119203570	119232712
P3h1	4	119232915	119248975
Ybx1	4	119277981	119294604
Ppih	4	119300010	119320546
Ppcs	4	119418530	119422420
Foxj3	4	119537004	119629119
Hivep3	4	119733784	120138045
Edn2	4	120161206	120167360
Scmh1	4	120405281	120530186
Ctps	4	120539868	120570276
Cited4	4	120666572	120667820
Nfyc	4	120757438	120831572
Exo5	4	120921196	120925017
Smap2	4	120968317	121017247
Zmpste24	4	121059237	121098241
Rlf	4	121145373	121215084
Ppt1	4	122836242	122859175
Cap1	4	122859047	122886056
Trit1	4	123016597	123054949
Ppie	4	123127115	123139951
Pabpc4	4	123262351	123298925
Macf1	4	123349633	123684360
Ndufs5	4	123712710	123718202
Akirin1	4	123734559	123750345
Mycbp	4	123904832	123912269
Rragc	4	123917446	123936997
Utp11	4	124678160	124693600
Sf3a3	4	124714776	124732460
Inpp5b	4	124741850	124801511
Mtf1	4	124802104	124849800
1110065P20Rik	4	124849080	124851196
Yrdc	4	124850679	124855242
Cdca8	4	124918465	124939311
Gnl2	4	125016585	125055380
Snip1	4	125066672	125074042
Meaf6	4	125085134	125113238
Zc3h12a	4	125118423	125127840
Csf3r	4	126024550	126044440
Oscp1	4	126058565	126092195
Lsm10	4	126096623	126098584
Stk40	4	126103957	126141029
Eva1b	4	126147744	126149875
Thrap3	4	126164082	126202760
Map7d1	4	126232167	126256343
Trappc3	4	126262325	126275883
Adprhl2	4	126316047	126321703
Ago3	4	126331704	126429556
Ago1	4	126435012	126468583
Ago4	4	126489541	126533472
Clspn	4	126556935	126593903
5730409E04Rik	4	126609818	126614371
Psmb2	4	126677630	126709714
Ncdn	4	126743750	126753438
AU040320	4	126753544	126870070
Zmym4	4	126861939	126968135
Sfpq	4	127021324	127037013
Zmym1	4	127047094	127061152
Zmym6	4	127077383	127124372
Tmem35b	4	127123691	127129644
Smim12	4	127243784	127247809
Gjb3	4	127325235	127330844
Gjb4	4	127351086	127354081
Gjb5	4	127354809	127358181
Csmd2	4	127987857	128567656
Zscan20	4	128583539	128610098
Tlr12	4	128615443	128618619
Phc2	4	128654702	128752881
Zfp362	4	128773088	128806045
Ak2	4	128991958	129011529
Rnf19b	4	129058271	129085886
Tmem54	4	129105548	129111626
Fndc5	4	129136999	129144593
S100pbp	4	129148005	129189727
Yars	4	129189760	129219607
C77080	4	129219578	129261404
Rbbp4	4	129307100	129335370
Zbtb8os	4	129335695	129354547
Zbtb8a	4	129353628	129378116
Bsdc1	4	129461581	129488498
Marcksl1	4	129513581	129515985
Hdac1	4	129516104	129542713
Lck	4	129548344	129573641
Eif3i	4	129591960	129600648
Tmem234	4	129600668	129624059
Iqcc	4	129615126	129619099
Ccdc28b	4	129619274	129623947
Txlna	4	129626078	129641065
Kpna6	4	129643980	129672767
Tmem39b	4	129676355	129696838
Khdrbs1	4	129703164	129742303
Ptp4a2	4	129811219	129850003
Col16a1	4	130047840	130099283
Pef1	4	130102558	130128135
Tinagl1	4	130164454	130175122
Serinc2	4	130253495	130279205
Zcchc17	4	130315383	130359943
Snrnp40	4	130360132	130390026
Nkain1	4	130531602	130574173
Pum1	4	130663321	130781564
Sdc3	4	130792537	130826319
Laptm5	4	130913125	130936141
Ptpru	4	131768457	131838288
Mecr	4	131843470	131867786
Srsf4	4	131873617	131901706
Epb41	4	131923413	132075321
Ythdf2	4	132184912	132212303
Gmeb1	4	132221025	132261602
Taf12	4	132274375	132295766
Trnau1ap	4	132311763	132329538
Rcc1	4	132331919	132353605
Phactr4	4	132355923	132422489
Med18	4	132458731	132463921
Sesn2	4	132492032	132510501
Atpif1	4	132530555	132533659
Dnajc8	4	132535550	132553742
Ptafr	4	132564067	132582683
Eya3	4	132638987	132724765
Smpdl3b	4	132732966	132757252
Rpa2	4	132768332	132778752
Themis2	4	132781843	132796387
Ppp1r8	4	132826929	132843169
Stx12	4	132853501	132884509
Fam76a	4	132899213	132922558
Fgr	4	132974095	133001910
Ahdc1	4	133011260	133078110
Wasf2	4	133130505	133199756
Tmem222	4	133266045	133277792
Wdtc1	4	133292459	133353481
Slc9a1	4	133369706	133423702
Nudc	4	133532542	133545996
Gpatch3	4	133574745	133584243
Gpn2	4	133584362	133591735
Sfn	4	133600556	133602168
Zdhhc18	4	133605299	133650154
Pigv	4	133660387	133672647
Arid1a	4	133679008	133756769
Dhdds	4	133969028	134000918
Lin28a	4	134003330	134018841
Cd52	4	134082448	134095082
Sh3bgrl3	4	134127406	134128789
Cep85	4	134129858	134187112
Cnksr1	4	134228041	134238399
Zfp593	4	134243289	134245592
Pdik1l	4	134275002	134287895
Pafah2	4	134396320	134427413
Paqr7	4	134496697	134510235
Aunip	4	134510999	134523927
Mtfr1l	4	134525550	134535387
Selenon	4	134537892	134552166
Man1c1	4	134561690	134704290
Ldlrap1	4	134741554	134768024
Rhd	4	134864536	134896172
Tmem50a	4	134897849	134915024
Rsrp1	4	134923592	134927671
Syf2	4	134930898	134937548
Runx3	4	135120652	135177990
Clic4	4	135213969	135272814
Srrm1	4	135320484	135353321
Ncmap	4	135369576	135398227
Rcan3	4	135412308	135433853
Nipal3	4	135445420	135495038
Ifnlr1	4	135686287	135708181
Srsf10	4	135855747	135869908
Pnrc2	4	135870918	135873850
Cnr2	4	135895394	135920207
Fuca1	4	135920735	135940311
Hmgcl	4	135946448	135962617
Gale	4	135963727	135968178
Lypla2	4	135968224	135972626
Pithd1	4	135975460	135987264
Eloa	4	136003368	136021763
Id3	4	136143497	136145755
E2f2	4	136172394	136196057
Tcea3	4	136247729	136274898
Zfp46	4	136284683	136293942
Hnrnpr	4	136310942	136359447
Luzp1	4	136469761	136554780
Kdm1a	4	136550540	136602723
Ephb2	4	136647539	136835988
C1qb	4	136880129	136886187
C1qc	4	136889804	136893065
C1qa	4	136895917	136898803
Zbtb40	4	136979732	137048801
Wnt4	4	137277489	137299726
Cdc42	4	137319696	137357720
Hspg2	4	137468769	137570630
Usp48	4	137593755	137658537
Rap1gap	4	137664726	137729861
Ece1	4	137862237	137965229
Eif4g3	4	137993022	138208508
Hp1bp3	4	138216296	138244683
Ddost	4	138304730	138312628
Pink1	4	138313409	138326307
Cda	4	138338424	138367992
Mul1	4	138434671	138442265
Camk2n1	4	138454314	138460123
Pla2g2d	4	138775735	138782046
Otud3	4	138895379	138913945
Rnf186	4	138967112	138968360
Tmco4	4	138972888	139059171
Nbl1	4	139082284	139092993
Capzb	4	139192899	139291818
Pqlc2	4	139294029	139310708
Akr7a5	4	139310744	139318426
Mrto4	4	139347435	139352576
Emc1	4	139352587	139378730
Ubr4	4	139352609	139489588
Iffo2	4	139530548	139620382
Aldh4a1	4	139622866	139649690
Arhgef10l	4	140514485	140666012
Rcc2	4	140700541	140723220
Padi4	4	140745865	140774236
Padi2	4	140906344	140952586
Sdhb	4	140961203	140979193
Atp13a2	4	140986873	141007330
Mfap2	4	141010418	141015984
Crocc	4	141016637	141060550
Necap2	4	141066512	141078357
Szrd1	4	141113001	141139775
Fbxo42	4	141147913	141204062
Arhgef19	4	141239499	141257564
Epha2	4	141301240	141329384
Zbtb17	4	141444654	141467930
Spen	4	141467890	141538597
Fblim1	4	141576062	141606096
Plekhm2	4	141625734	141664899
Ddi2	4	141677549	141723419
Dnajc16	4	141760189	141790931
Casp9	4	141793612	141815976
Efhd2	4	141858142	141874920
Tmem51	4	142030992	142084304
Prdm2	4	143107391	143212995
Pdpn	4	143267431	143299564
Pramef8	4	143412426	143421091
Dhrs3	4	144892827	144928209
Vps13d	4	144972622	145195005
Tnfrsf1b	4	145213463	145246870
Zfp984	4	147753974	147809788
Zfp933	4	147822986	147848366
Miip	4	147860778	147868816
Mfn2	4	147873599	147904704
Plod1	4	147909753	147936767
2510039O18Rik	4	147940895	147947314
Clcn6	4	148004259	148038821
Mthfr	4	148039077	148059551
Agtrap	4	148077061	148088031
Mad2l2	4	148130384	148145699
Fbxo6	4	148145716	148152140
Fbxo44	4	148152800	148160482
Ubiad1	4	148434495	148444771
Mtor	4	148448611	148557683
Exosc10	4	148558429	148582401
Srm	4	148591503	148594993
Tardbp	4	148612382	148627019
Casz1	4	148804429	148954889
Pex14	4	148960535	149099876
Dffa	4	149104146	149120647
Pgd	4	149149991	149166771
Kif1b	4	149176319	149307693
Ube4b	4	149328416	149426749
Nmnat1	4	149467572	149485202
Lzic	4	149485229	149496668
Ctnnbip1	4	149518236	149566437
Clstn1	4	149586468	149648899
Pik3cd	4	149649168	149702571
Tmem201	4	149715375	149738044
Slc25a33	4	149744036	149774277
Spsb1	4	149896283	149955043
H6pd	4	149979475	150009023
Gpr157	4	150087365	150105927
Car6	4	150187015	150201332
Eno1	4	150236721	150248879
Rere	4	150281646	150621966
Errfi1	4	150853919	150868892
Park7	4	150897133	150914437
Tnfrsf9	4	150914562	150946102
Camta1	4	150917322	151861876
Per3	4	151003652	151044665
Vamp3	4	151047300	151057963
Dnajc11	4	151933691	151982137
Thap3	4	151982639	151988997
Phf13	4	151989633	151996258
Klhl21	4	152008803	152017680
Zbtb48	4	152019774	152027671
Nol9	4	152039321	152061494
Plekhg5	4	152072498	152115400
Espn	4	152120331	152152371
Acot7	4	152178134	152271855
Gpr153	4	152274232	152285337
Icmt	4	152297227	152307121
Kcnab2	4	152390742	152477910
A430005L14Rik	4	153957237	153961925
Dffb	4	153964449	153975126
Cep104	4	153975194	154008732
Lrrc47	4	154011731	154021513
Smim1	4	154020470	154026230
Wrap73	4	154142372	154167420
Tprgl	4	154157485	154160666
Arhgef16	4	154278486	154301676
Prdm16	4	154316125	154636873
Pank4	4	154964123	154980938
Pex10	4	155067016	155072433
Rer1	4	155074110	155086382
Ski	4	155154075	155222592
Faap20	4	155249802	155256687
Gnb1	4	155491361	155559269
Nadk	4	155562378	155591001
Slc35e2	4	155601416	155623340
Cdk11b	4	155624854	155649938
Mmp23	4	155650655	155653384
Mib2	4	155654677	155669198
Fndc10	4	155694342	155696481
Ssu72	4	155704800	155733879
Atad3a	4	155740641	155761093
Ccnl2	4	155812489	155824543
Aurkaip1	4	155831272	155833130
Mxra8	4	155839680	155844088
Dvl1	4	155847402	155859303
Cptp	4	155864723	155869440
Ints11	4	155869546	155889103
Pusl1	4	155887879	155891781
Acap3	4	155891822	155907251
Ube2j2	4	155943831	155959604
B3galt6	4	155989466	155992649
Sdf4	4	155992872	156013610
Tnfrsf4	4	156013843	156016612
Tnfrsf18	4	156026164	156028895
9430015G10Rik	4	156109982	156127265
Agrn	4	156165290	156197488
Isg15	4	156199455	156200796
AW011738	4	156203270	156210563
Plekhn1	4	156221456	156234857
Noc2l	4	156235919	156247616
Samd11	4	156246966	156255657
Cdk6	5	3341485	3531008
Fam133b	5	3543833	3570238
Rbm48	5	3583978	3596585
Pex1	5	3596066	3637232
Gatad1	5	3632932	3657185
Ankib1	5	3690000	3802925
Krit1	5	3803184	3845564
Akap9	5	3928054	4081310
Cyp51	5	4081145	4104746
Fzd1	5	4753839	4758035
Cdk14	5	4803391	5420312
Cldn12	5	5489537	5514958
Gtpbp10	5	5537454	5559538
Cfap69	5	5579278	5664239
Steap2	5	5664829	5694578
Steap1	5	5736317	5749326
Steap4	5	7960457	7982213
Sri	5	8046078	8069379
Dbf4	5	8396973	8422716
Slc25a40	5	8422850	8454797
Rundc3b	5	8490334	8622952
Abcb1a	5	8660077	8748575
Abcb1b	5	8798147	8866315
Abcb4	5	8893717	8959231
Crot	5	8966033	8997324
Tmem243	5	9100668	9160986
Dmtf1	5	9118801	9161776
Sema3a	5	13125414	13602565
Sema3e	5	14025276	14256689
Cacna2d1	5	15934691	16374511
Hgf	5	16553495	16620152
Sema3c	5	17574281	17730268
Cd36	5	17781690	17888801
Phtf2	5	20758663	20882124
Tmem60	5	20882191	20886870
Rsbn1l	5	20893028	20956398
Ptpn12	5	20986645	21055911
Gsap	5	21186255	21315132
Fgl2	5	21372642	21378374
Fam185a	5	21424958	21482124
Lrrc17	5	21543559	21575904
Armc10	5	21645813	21662694
Napepld	5	21662901	21701396
Pmpcb	5	21737141	21757152
Dnajc2	5	21757267	21785251
Psmc2	5	21785283	21803787
Orc5	5	22486485	22550429
Kmt2e	5	23434441	23504235
Srpk2	5	23503264	23684617
Pus7	5	23740648	23783711
Rint1	5	23787711	23820369
Tomm7	5	23838944	23844161
Fam126a	5	23915276	24030690
Klhl7	5	24100605	24160792
Nupl2	5	24164963	24184013
Atg9b	5	24384181	24392143
Abcb8	5	24393663	24410054
Cdk5	5	24418241	24423530
Slc4a2	5	24423837	24440950
Fastk	5	24438440	24445287
Tmub1	5	24445458	24447854
Agap3	5	24452177	24502047
Abcf2	5	24565345	24577467
Chpf2	5	24586741	24594556
Smarcd3	5	24590818	24624411
Nub1	5	24685532	24710378
Rheb	5	24802823	24842624
Prkag2	5	24862744	25100642
Galnt11	5	25221904	25265918
Kmt2c	5	25271798	25498783
Xrcc2	5	25689812	25705825
Paxip1	5	27740080	27791691
Insig1	5	28071363	28078662
Rbm33	5	28317121	28419239
Rnf32	5	29195992	29228457
Lmbr1	5	29229802	29378390
Nom1	5	29434664	29457843
Ube3c	5	29569242	29676092
Dnajb6	5	29735688	29818134
Il6	5	30013114	30019981
Tyms	5	30058202	30073617
Hadha	5	30118304	30155162
Hadhb	5	30155248	30184593
Selenoi	5	30232581	30272427
Slc35f6	5	30647933	30659729
Cenpa	5	30666777	30674830
Mapre3	5	30814641	30866106
Tmem214	5	30868012	30879180
Agbl5	5	30888694	30906965
Ost4	5	30905885	30907788
Emilin1	5	30913402	30921277
Khk	5	30921431	30931248
Cgref1	5	30933143	30945591
Preb	5	30950853	30960361
Tcf23	5	30968662	30977018
Slc5a6	5	31036036	31048924
Atraid	5	31048312	31054623
Cad	5	31054780	31078479
Mpv17	5	31140654	31154251
Gtf3c2	5	31156005	31180144
Eif2b4	5	31187558	31193430
Snx17	5	31193227	31199143
Zfp513	5	31198981	31202303
Ppm1g	5	31202664	31220687
Nrbp1	5	31240864	31251566
Krtcap3	5	31251691	31253202
Ift172	5	31253277	31291116
Zfp512	5	31452431	31481754
Gpn1	5	31494741	31512904
Supt7l	5	31514564	31527807
Slc4a1ap	5	31526995	31556932
Rbks	5	31624439	31697627
Fosl2	5	32135801	32157842
Ppp1cb	5	32458843	32517433
Yes1	5	32611171	32687057
Pisd	5	32736301	32785646
Prr14l	5	32789820	32854256
Depdc5	5	32863701	32994236
Ywhah	5	33018816	33027966
Spon2	5	33198184	33218455
Ctbp1	5	33247723	33274994
Maea	5	33335509	33373296
Uvssa	5	33378549	33419754
Fam53a	5	33600347	33629635
Slbp	5	33634952	33652574
Tmem129	5	33653216	33658416
Tacc3	5	33658128	33678995
Letm1	5	33739673	33782817
Nsd2	5	33820725	33897975
Nelfa	5	33897916	33936413
Nat8l	5	33995984	34005916
Poln	5	34007179	34169448
Haus3	5	34153880	34169527
Mxd4	5	34173883	34187720
Rnf4	5	34336289	34355629
Fam193a	5	34369933	34486456
Tnip2	5	34496087	34513991
Sh3bp2	5	34525838	34563641
Add1	5	34573664	34632308
Mfsd10	5	34633642	34637212
Nop14	5	34638536	34660148
Htt	5	34761740	34912534
Rgs12	5	34949445	35039644
Hgfac	5	35041509	35048461
Lrpap1	5	35091501	35105766
Cpz	5	35502218	35525698
Trmt44	5	35556203	35575070
Acox3	5	35583040	35615352
Htra3	5	35652023	35679782
Sh3tc1	5	35697180	35739987
Ablim2	5	35757880	35884973
Afap1	5	35893319	36003923
Sorcs2	5	36017180	36398139
Grpel1	5	36464998	36474080
Tada2b	5	36473670	36484285
Tbc1d14	5	36490604	36593276
D5Ertd579e	5	36600485	36696024
Bloc1s4	5	36747378	36748650
Mrfap1	5	36794867	36796772
Man2b2	5	36806921	36830653
Wfs1	5	36966104	36989205
Jakmip1	5	37028335	37150607
Evc	5	37289098	37336894
Evc2	5	37338499	37425055
Stx18	5	38038742	38137765
Zbtb49	5	38189735	38220457
Lyar	5	38220470	38234306
Tmem128	5	38260185	38269634
Slc2a9	5	38349273	38503143
Wdr1	5	38526813	38563221
Hs3st1	5	39613935	39755475
Rab28	5	41624976	41708157
Bod1l	5	41787538	41844315
Cpeb2	5	43233170	43289724
Cc2d2a	5	43662346	43740972
Fbxl5	5	43744615	43821638
Bst1	5	43818885	43843986
Cd38	5	43868553	43912375
Fgfbp1	5	43978858	43981779
Prom1	5	43993620	44102032
Tapt1	5	44175154	44226626
Qdpr	5	45434021	45450236
Lap3	5	45493374	45512691
Med28	5	45520229	45529276
Ncapg	5	45669919	45700546
Lcorl	5	45697181	45857615
Slit2	5	47983138	48307733
5730480H06Rik	5	48327952	48414294
Adgra3	5	49959956	50059006
Ppargc1a	5	51454250	51567726
Dhx15	5	52150203	52190514
Sod3	5	52363791	52371418
Sepsecs	5	52640087	52669708
Pi4k2b	5	52741574	52769340
Zcchc4	5	52775409	52824665
Anapc4	5	52834012	52867797
Sel1l3	5	53107083	53213927
Smim20	5	53267083	53278540
Rbpj	5	53466152	53657362
Tbc1d19	5	53809606	53903965
Stim2	5	53998499	54121057
Pcdh7	5	57717967	58133230
G6pd2	5	61808816	61811163
Arap2	5	62602445	62766159
0610040J01Rik	5	63812363	63899625
Rell1	5	63908897	63968897
Pgm2	5	64092950	64128351
Tbc1d1	5	64156305	64351486
Klf3	5	64803388	64832901
Tlr1	5	64924679	64933563
Tlr6	5	64952031	64960097
Fam114a1	5	64970071	65041886
Tmem156	5	65054346	65092132
Klhl5	5	65107539	65168188
Wdr19	5	65199696	65260415
Rfc1	5	65261850	65335670
Lias	5	65391497	65410693
Ugdh	5	65413221	65435949
Smim14	5	65446844	65537184
Ube2k	5	65537233	65598988
Pds5a	5	65605721	65698273
N4bp2	5	65763521	65830108
Rhoh	5	65861213	65896700
Rbm47	5	66016549	66173118
Apbb2	5	66298703	66618784
Tmem33	5	67260565	67291461
Slc30a9	5	67306955	67358443
Atp8a1	5	67618140	67847434
Guf1	5	69556923	69575973
Gnpda2	5	69573108	69592340
Commd8	5	72156575	72168189
Nfxl1	5	72513301	72559684
Nipal1	5	72647795	72671078
Txk	5	72695978	72752777
Tec	5	72755716	72868483
Slain2	5	72914304	72978829
Fryl	5	73019987	73256619
Ociad1	5	73292784	73314069
Ociad2	5	73322199	73341028
Dcun1d4	5	73481000	73560794
Lrrc66	5	73606642	73632526
Sgcb	5	73632749	73647790
Usp46	5	73998453	74068431
Rasl11b	5	74195286	74199481
Scfd2	5	74204816	74531759
Fip1l1	5	74535449	74598800
Chic2	5	74997988	75044774
Pdgfra	5	75152292	75198215
Kit	5	75574916	75656722
Srd5a3	5	76140271	76155504
Tmem165	5	76183880	76209245
Clock	5	76209868	76304792
Exoc1	5	76529311	76570294
Cep135	5	76588698	76646466
C530008M17Rik	5	76656512	76873554
Ppat	5	76913249	76951578
Paics	5	76951307	76967509
Srp72	5	76974683	76999937
Hopx	5	77086988	77115121
Rest	5	77265491	77286432
Noa1	5	77294182	77310084
Polr2b	5	77310147	77349324
Igfbp7	5	77349240	77408041
Adgrl3	5	81020138	81825133
Cenpc1	5	86012024	86065583
Stap1	5	86071746	86106125
Uba6	5	86109287	86172803
Ythdc1	5	86804221	86836659
Ugt2b34	5	86889767	86906937
Ugt2b35	5	87000860	87013275
Ugt2b5	5	87124960	87140318
Sult1b1	5	87513339	87538195
Sult1d1	5	87554645	87569027
Jchain	5	88519809	88527891
Utp3	5	88554462	88556090
Rufy3	5	88565040	88651392
Grsf1	5	88659448	88676171
Mob1b	5	88720855	88764220
Dck	5	88764996	88783281
Slc4a4	5	88886818	89239653
Cox18	5	90214724	90224001
Ankrd17	5	90227166	90366577
Afp	5	90490737	90508907
Rassf6	5	90603076	90640657
Cxcl5	5	90759360	90761624
Pf4	5	90772435	90773383
Cxcl3	5	90786103	90789600
Cxcl1	5	90891241	90893115
Cxcl2	5	90903871	90905938
Mthfd2l	5	90931117	91021368
Ereg	5	91074622	91093646
Areg	5	91139599	91148432
Btc	5	91357261	91402994
Parm1	5	91517615	91626894
Rchy1	5	91948904	91963068
Cdkl2	5	92006074	92043883
G3bp2	5	92052146	92083719
Uso1	5	92137938	92202798
Naaa	5	92257659	92278170
Sdad1	5	92284010	92310479
Cxcl9	5	92321347	92328079
Cxcl10	5	92346638	92348889
Nup54	5	92415540	92435219
Scarb2	5	92441314	92506833
Stbd1	5	92603041	92606579
Shroom3	5	92683435	92965318
Sept11	5	93093437	93176447
Ccni	5	93181933	93206495
Ccng2	5	93267257	93276231
Cnot6l	5	96070333	96164171
Anxa3	5	96793339	96845966
Bmp2k	5	96997689	97091867
Paqr3	5	97082329	97111596
Antxr2	5	97882783	98031043
Prkg2	5	98929773	99037351
Rasgef1b	5	99217426	99729065
Hnrnpd	5	99955935	99978938
Hnrnpdl	5	100033577	100039664
Enoph1	5	100039985	100068760
Sec31a	5	100361649	100416234
Lin54	5	100441918	100500639
Cops4	5	100518309	100547803
Plac8	5	100553725	100572245
Coq2	5	100654723	100675140
Hpse	5	100679484	100719716
Helq	5	100762145	100798598
Gpat3	5	100845713	100899102
Wdfy3	5	101832956	102069921
Arhgap24	5	102481391	102897937
Ptpn13	5	103425192	103598303
Aff1	5	103692374	103855322
Hsd17b11	5	103989762	104021919
Nudt9	5	104046306	104065379
Spp1	5	104435118	104441050
Pkd2	5	104459450	104505819
BC005561	5	104508352	104522611
Zfp951	5	104813169	104860070
Abcg3	5	104935057	104982718
Gbp8	5	105014150	105139540
Gbp9	5	105077630	105139539
Gbp4	5	105115767	105139586
Lrrc8b	5	105415775	105490074
Lrrc8c	5	105519388	105613018
Lrrc8d	5	105699969	105832436
Zfp326	5	105876565	105915818
Zfp644	5	106616739	106697287
Cdc7	5	106964322	106984432
Tgfbr3	5	107106570	107289629
Glmn	5	107548967	107597888
Rpap2	5	107597373	107661838
Gfi1	5	107716657	107726036
Evi5	5	107744795	107875107
Mtf2	5	108065674	108109004
Tmed5	5	108106366	108132620
Ccdc18	5	108132875	108233628
Dr1	5	108268897	108280526
Pigg	5	108312609	108349355
Atp5k	5	108433244	108434448
Pcgf3	5	108461232	108506976
Gak	5	108569411	108629755
Tmem175	5	108629770	108648782
Dgkq	5	108646693	108669672
Idua	5	108660331	108684557
Fgfrl1	5	108692382	108706924
Crlf2	5	109554709	109558993
Gm15446	5	109923400	109943936
Gm35315	5	110076136	110094420
Gtpbp6	5	110103975	110108197
Chfr	5	110135842	110171972
Golga3	5	110176701	110226470
Ankle2	5	110231004	110256651
Pgam5	5	110259130	110269913
Pole	5	110286306	110337474
Fbrsl1	5	110361754	110448602
Noc4l	5	110648418	110653417
Ddx51	5	110653451	110660496
Ep400	5	110664373	110770717
Pus1	5	110773667	110780659
Ulk1	5	110784488	110810097
Hscb	5	110829070	110839777
Chek2	5	110839979	110874145
Ttc28	5	110879803	111289780
Pitpnb	5	111330763	111388359
Tpst2	5	112276691	112315361
Tfip11	5	112326358	112338073
Srrd	5	112337392	112343040
Hps4	5	112343083	112378414
Grk3	5	112910482	113015791
Crybb3	5	113075839	113081584
2900026A02Rik	5	113086323	113221236
Cmklr1	5	113612354	113650426
Ficd	5	113735803	113740600
Sart3	5	113742446	113772510
Iscu	5	113772748	113778288
Tmem119	5	113793729	113800516
Selplg	5	113818536	113832644
Coro1c	5	113842436	113908758
Ssh1	5	113937094	113993894
Usp30	5	114065461	114124720
Alkbh2	5	114123926	114128218
Ung	5	114130386	114139323
Kctd10	5	114363567	114380508
Ube3b	5	114380607	114421169
Mmab	5	114431034	114444060
Mvk	5	114444269	114460591
Trpv4	5	114622152	114658421
Gltp	5	114669398	114690984
Tchp	5	114707760	114722327
Git2	5	114727407	114775517
Ankrd13a	5	114774677	114806200
Oasl2	5	114896936	114912234
Oasl1	5	114923240	114937915
2210016L21Rik	5	114942158	114949783
Hnf1a	5	114948980	114971094
Sppl3	5	115011137	115098790
Acads	5	115110299	115119346
Unc119b	5	115122550	115134975
Mlec	5	115142981	115158179
Pop5	5	115235836	115245351
Rnf10	5	115241412	115272898
Coq5	5	115279666	115296972
Dynll1	5	115297110	115300999
Srsf9	5	115327177	115333080
Gatc	5	115333239	115341178
Triap1	5	115341225	115343569
Cox6a1	5	115345642	115348981
Sirt4	5	115478010	115484725
Pxn	5	115506676	115555987
Gcn1l1	5	115565254	115622654
Rab35	5	115631908	115647736
Bicdl1	5	115648175	115731621
Cit	5	115845278	116008947
Prkab1	5	116013586	116024508
Hspb8	5	116408491	116422864
Suds3	5	117091680	117116113
Taok3	5	117120129	117275219
Pebp1	5	117282654	117287625
Vsig10	5	117319083	117355005
Wsb2	5	117357304	117378601
Rfc5	5	117378103	117389047
Fbxo21	5	117976730	118010201
Tesc	5	118027743	118061878
Fbxw8	5	118064965	118155464
2410131K14Rik	5	118245227	118266093
Med13l	5	118560679	118765438
Rbm19	5	120116465	120198981
Sdsl	5	120458186	120472810
Plbd2	5	120483282	120503625
Slc8b1	5	120511168	120534024
Tpcn1	5	120534153	120588673
Rita1	5	120594305	120612589
Ddx54	5	120612739	120628592
Rasal1	5	120648812	120679597
Dtx1	5	120680202	120711927
Oas2	5	120730333	120749853
Oas3	5	120753098	120777661
Oas1c	5	120800194	120812514
Ptpn11	5	121130533	121191397
Trafd1	5	121371725	121385632
Naa25	5	121397936	121444378
Erp29	5	121428590	121452506
Aldh2	5	121566027	121593824
Acad12	5	121596775	121618938
Acad10	5	121621026	121660514
Brap	5	121660563	121687256
Atxn2	5	121711337	121816493
Sh2b3	5	121815488	121837646
Hvcn1	5	122206804	122242297
Tctn1	5	122237848	122264460
Pptc7	5	122284365	122324281
Rad9b	5	122323223	122354233
Vps29	5	122354369	122364984
Fam216a	5	122364580	122372364
Gpn3	5	122371876	122382902
Arpc3	5	122391878	122414184
Anapc7	5	122421693	122444912
Atp2a2	5	122453513	122502225
Ift81	5	122550204	122614518
P2rx7	5	122643911	122691432
P2rx4	5	122707544	122729738
Camkk2	5	122731170	122779409
Anapc5	5	122787459	122821339
Rnf34	5	122850048	122871291
Kdm2b	5	122870665	122989823
Orai1	5	123015074	123030456
Tmem120b	5	123068415	123117749
Rhof	5	123103044	123132692
Setd1b	5	123142193	123168629
Psmd9	5	123169413	123250131
Bcl7a	5	123343834	123374992
Mlxip	5	123394798	123457932
Diablo	5	123509765	123524176
Vps33a	5	123528659	123573038
Clip1	5	123577795	123684618
Zcchc8	5	123698294	123721100
Rsrc2	5	123728426	123749414
Kntc1	5	123749716	123821593
Hcar2	5	123863570	123865499
Denr	5	123907175	123928835
Hip1r	5	123973628	124005558
Vps37b	5	124004641	124032270
Abcb9	5	124061530	124095798
Ogfod2	5	124112297	124115483
Arl6ip4	5	124116089	124118196
Pitpnm2	5	124118690	124249760
Mphosph9	5	124250959	124327972
2810006K23Rik	5	124328089	124341844
Sbno1	5	124368702	124426001
Kmt5a	5	124439930	124462308
Rilpl2	5	124463265	124478366
Snrnp35	5	124483134	124491124
Rilpl1	5	124493080	124531391
Tmed2	5	124540695	124550506
Ddx55	5	124552864	124569660
Eif2b1	5	124570213	124579131
Gtf2h3	5	124579140	124597680
Atp6v0a2	5	124628576	124724455
Zfp664	5	124862691	124902693
Ncor2	5	125017153	125179219
Scarb1	5	125277087	125341094
Ubc	5	125385965	125390202
Dhx37	5	125413858	125434121
Bri3bp	5	125441568	125460370
Aacs	5	125475814	125517410
Slc15a4	5	127595664	127632897
Stx2	5	128984557	129008574
Ran	5	129020069	129024323
Adgrd1	5	129096750	129204599
Sfswap	5	129501221	129571384
Zfp11	5	129654593	129670099
Psph	5	129765558	129787449
Sumf2	5	129846986	129864050
Chchd2	5	129881156	129887470
Vkorc1l1	5	129941970	129986692
Gusb	5	129989011	130003049
Asl	5	130011258	130029247
Crcp	5	130029290	130060789
Tpst1	5	130073326	130135729
Kctd7	5	130144861	130155806
Rabgef1	5	130171798	130214342
Tmem248	5	130217081	130243765
Sbds	5	130245731	130255530
Tyw1	5	130255619	130341563
Auts2	5	131437333	132543344
Rcc1l	5	134148054	134176774
Gtf2ird2	5	134184019	134224355
Ncf1	5	134220053	134229625
Gtf2i	5	134237834	134314760
Gtf2ird1	5	134357656	134456716
Clip2	5	134489383	134552434
Rfc2	5	134581366	134601805
Lat2	5	134600022	134615025
Eif4h	5	134619721	134639490
Limk1	5	134656039	134688598
Eln	5	134702593	134747323
Cldn13	5	134914249	134915526
Cldn3	5	134986214	134987472
Abhd11	5	135009152	135012175
Stx1a	5	135023482	135051100
Dnajc30	5	135064202	135065862
Vps37d	5	135072900	135078266
Tbl2	5	135149657	135165760
Bcl7b	5	135168283	135181855
Baz1b	5	135187264	135246129
Nsun5	5	135369953	135376805
Pom121	5	135376141	135394546
Hip1	5	135406531	135545120
Ccl24	5	135569937	135573049
Rhbdd2	5	135632618	135646448
Por	5	135670033	135735326
Tmem120a	5	135735485	135744448
Mdh2	5	135778480	135790398
Hspb1	5	135887919	135889563
Ywhag	5	135908409	135934616
Dtx2	5	135994800	136032872
Upk3bl	5	136054492	136064326
Rasa4	5	136083916	136111860
Polr2j	5	136116631	136122947
Lrwd1	5	136122772	136136074
Alkbh4	5	136136146	136141615
Orai2	5	136147459	136170713
Prkrip1	5	136178127	136198963
Sh2b2	5	136218147	136246556
Cux1	5	136248135	136567490
Ift22	5	136908150	136915404
Fis1	5	136953275	136966234
Cldn15	5	136966616	136975858
Znhit1	5	136982164	136988021
Plod3	5	136987019	136996648
Ap1s1	5	137034993	137046135
Serpine1	5	137061504	137072268
Trim56	5	137105644	137116209
Muc3	5	137134922	137149322
Muc3a	5	137208813	137212389
Ache	5	137287519	137294466
Ufsp1	5	137294629	137295665
Srrt	5	137295704	137307674
Trip6	5	137309654	137314404
Slc12a9	5	137314558	137333597
Ephb4	5	137350109	137378669
Pop7	5	137501438	137502518
Gigyf1	5	137518548	137527935
Gnb2	5	137528127	137533510
Tfr2	5	137569840	137587481
Mospd3	5	137596645	137601058
Pcolce	5	137605103	137613784
Agfg2	5	137650463	137684726
Nyap1	5	137729899	137741607
Tsc22d4	5	137745730	137768450
Ppp1r35	5	137778849	137780110
Mepce	5	137781906	137787655
Pilra	5	137821952	137836281
Pilrb1	5	137852147	137858106
Pilrb2	5	137865827	137871815
Cyp3a13	5	137892932	137921619
Zkscan1	5	138085084	138107822
Zscan21	5	138116903	138134265
Zfp113	5	138139702	138155744
Cops6	5	138161071	138164646
Mcm7	5	138164583	138172422
Ap4m1	5	138172002	138180429
Taf6	5	138178617	138187451
Cnpy4	5	138187485	138193918
Mblac1	5	138194314	138195621
Nxpe5	5	138225898	138253363
Lamtor4	5	138255482	138259398
Zfp157	5	138441468	138460694
Zfp68	5	138603652	138619761
A430033K04Rik	5	138622859	138652414
Fam20c	5	138754514	138810077
Pdgfa	5	138976014	138997370
Prkar1b	5	139017306	139150001
Dnaaf5	5	139150223	139186510
Sun1	5	139200637	139249840
Get4	5	139252324	139270051
Adap1	5	139271876	139325622
Cox19	5	139336189	139351418
3110082I17Rik	5	139359739	139460527
Gpr146	5	139377697	139396415
C130050O18Rik	5	139405280	139415623
Zfand2a	5	139471211	139484549
Micall2	5	139706696	139736336
Ints1	5	139751282	139775674
Mafk	5	139791513	139802653
Tmem184a	5	139802485	139819917
Psmg3	5	139823592	139826885
Mad1l1	5	140008689	140321552
Nudt1	5	140321656	140338137
Mrm2	5	140327674	140331898
Snx8	5	140340299	140389262
Eif3b	5	140419328	140443360
Chst12	5	140505550	140525724
Lfng	5	140607320	140615545
Ttyh3	5	140620578	140649031
Iqce	5	140661827	140702378
Brat1	5	140705011	140719379
Amz1	5	140724127	140761439
Gna12	5	140758408	140830431
Card11	5	140872990	141000582
Foxk1	5	142401497	142462011
Ap5z1	5	142463944	142478710
Wipi2	5	142627698	142670588
Tnrc18	5	142724661	142817662
Fbxl18	5	142866946	142895421
Actb	5	142903115	142906754
Fscn1	5	142960343	142973185
Rnf216	5	142990893	143112994
Rbak	5	143172186	143180775
Zfp12	5	143235163	143248834
Zfp316	5	143249697	143270022
E130309D02Rik	5	143301195	143315360
Zdhhc4	5	143316489	143329256
Kdelr2	5	143403838	143421901
Daglb	5	143464584	143505942
Rac1	5	143503634	143528036
Fam220a	5	143548706	143564531
Cyth3	5	143622447	143710250
Usp42	5	143710325	143732280
Eif2ak1	5	143817788	143904251
Aimp2	5	143902704	143909847
Pms2	5	143909964	143933968
Ccz1	5	143987909	144014877
Lmtk2	5	144100436	144188204
Bhlha15	5	144190286	144194441
Tecpr1	5	144194442	144223615
Bri3	5	144244437	144446757
Baiap2l1	5	144264526	144358112
Trrap	5	144767732	144859778
Smurf1	5	144876495	144965847
Arpc1a	5	145083830	145108761
Arpc1b	5	145114215	145130705
Pdap1	5	145128769	145140238
Bud31	5	145140362	145148078
Ptcd1	5	145147514	145167108
Cpsf4	5	145167213	145182041
Atp5j2	5	145183698	145192062
Zkscan14	5	145194946	145201868
Zkscan5	5	145204562	145221750
Zfp655	5	145231715	145247302
Rnf6	5	146209192	146221555
Cdk8	5	146231230	146302874
Rasl11a	5	146845071	146847726
Gtf3a	5	146948657	146955614
Mtif3	5	146951573	146963800
Lnx2	5	147016655	147076586
Polr1d	5	147077050	147111597
Pdx1	5	147269959	147275848
Cdx2	5	147300805	147307270
Flt3	5	147330741	147400489
Pan3	5	147430161	147548502
Flt1	5	147561604	147726011
Pomp	5	147860461	147876456
Slc46a3	5	147878437	147894815
Mtus2	5	147957320	148316065
Slc7a1	5	148327410	148399904
Ubl3	5	148504635	148552789
Katnal1	5	148871584	148929320
Hmgb1	5	149046702	149184489
Uspl1	5	149184350	149215434
Alox5ap	5	149264767	149288153
Medag	5	149411749	149431723
Hsph1	5	149614287	149636376
B3glct	5	149678230	149762599
Fry	5	150118645	150497753
Brca2	5	150522630	150570329
N4bp2l1	5	150571644	150597188
N4bp2l2	5	150608007	150666183
Pds5b	5	150673739	150810690
Stard13	5	151037510	151233836
Rfc3	5	151642756	151651242
Samd9l	6	3372257	3399572
Hepacam2	6	3457096	3498298
Vps50	6	3498382	3603531
Bet1	6	4076899	4086972
Col1a2	6	4504814	4541544
Casd1	6	4600839	4643355
Pon3	6	5220852	5256286
Pon2	6	5264147	5298455
Slc25a13	6	6041218	6217173
Sem1	6	6557294	6578663
Sdhaf3	6	6956004	7042979
Asns	6	7675169	7693254
C1galt1	6	7844842	7875687
Mios	6	8209222	8236274
Rpa3	6	8255936	8259173
Umad1	6	8259288	8459470
Glcci1	6	8509600	8597548
Ica1	6	8630527	8778488
Ndufa4	6	11900292	11907497
Phf14	6	11907809	12081205
Tmem106b	6	13069759	13089269
Tmem168	6	13580687	13608100
Bmt2	6	13625673	13677966
2610001J05Rik	6	13867735	13871518
Mdfic	6	15720661	15802169
Tfec	6	16833373	16898441
Tes	6	17065149	17105828
Cav2	6	17281185	17289115
Cav1	6	17306335	17341452
Met	6	17463800	17573980
Capza2	6	17636234	17666972
St7	6	17692933	17943025
Wnt2	6	17988940	18030585
Lsm8	6	18848579	18855751
Tspan12	6	21771395	21852515
Ing3	6	21949571	21976038
Fam3c	6	22306520	22356243
Ndufa5	6	24518666	24528013
Wasl	6	24613805	24665009
Pot1a	6	25743737	25809246
Zfp800	6	28239927	28398005
Gcc1	6	28416091	28428390
Arf5	6	28423560	28426602
Snd1	6	28475139	28935162
Rbm28	6	29123576	29165006
Impdh1	6	29200434	29216364
Hilpda	6	29272488	29275446
Calu	6	29348069	29377110
Flnc	6	29433256	29461883
Atp6v1f	6	29467718	29470512
Irf5	6	29526625	29541871
Tnpo3	6	29540827	29609887
Tspan33	6	29694222	29718559
Smo	6	29735503	29761365
Ahcyl2	6	29768011	29912310
Nrf1	6	30047988	30153458
Ube2h	6	30211289	30304539
Zc3hc1	6	30366380	30391028
Klhdc10	6	30401868	30455179
Tmem209	6	30479053	30509783
Cep41	6	30653457	30693749
Copg2	6	30747554	30896794
Mkln1	6	31398735	31516811
Podxl	6	31519488	31563981
Plxna4	6	32144268	32588192
Chchd3	6	32790976	33060260
Exoc4	6	33249085	33973979
Slc35b4	6	34153380	34177111
Akr1b3	6	34302434	34317478
Akr1b8	6	34354119	34368463
Akr1b10	6	34384218	34396950
Akr1b7	6	34412334	34423142
Bpgm	6	34476207	34505613
Cald1	6	34598500	34775473
Agbl3	6	34780432	34859459
Tmem140	6	34863146	34874946
Wdr91	6	34880426	34910876
Cnot4	6	35022065	35133724
Nup205	6	35177421	35247596
Mtpn	6	35508906	35539888
Creb3l2	6	37327255	37442146
Trim24	6	37870811	37966296
Zc3hav1l	6	38287396	38299259
Zc3hav1	6	38305286	38354603
Ttc26	6	38381469	38427647
Ubn2	6	38433950	38524825
Fmc1	6	38533502	38539449
Luc7l2	6	38551334	38609470
Klrg2	6	38625693	38637242
Hipk2	6	38694390	38876165
Tbxas1	6	38875404	39084585
Parp12	6	39086410	39118349
Kdm7a	6	39136623	39206789
Slc37a3	6	39334773	39377675
Rab19	6	39381175	39390380
Mkrn1	6	39397804	39420462
Dennd2a	6	39462378	39557867
Adck2	6	39573873	39588769
Ndufb2	6	39592574	39603382
Braf	6	39603237	39725463
Agk	6	40325172	40396762
E330009J07Rik	6	40401375	40436135
Ssbp1	6	40471352	40484700
Clec5a	6	40574894	40585821
Mgam	6	40628831	40769123
Ephb6	6	41605482	41620509
Kel	6	41686330	41704339
Tmem139	6	42261959	42264555
Casp2	6	42264985	42282508
Clcn1	6	42286685	42315756
Zyx	6	42349630	42360213
Tcaf1	6	42668002	42710088
Arhgef5	6	43265582	43289320
Tpk1	6	43345001	43666278
Cul1	6	47453398	47526139
Ezh2	6	47530139	47595341
Pdia4	6	47796141	47813430
Zfp398	6	47835661	47873537
Zfp282	6	47877204	47908485
Zfp212	6	47920476	47932639
Zfp956	6	47953390	47965300
Zfp777	6	48024188	48048911
Zfp746	6	48062395	48086593
Zfp467	6	48427697	48445825
Lrrc61	6	48554796	48570722
Rarres2	6	48569696	48572789
Repin1	6	48593883	48599082
Zfp775	6	48602063	48623227
Gimap8	6	48647234	48660875
Gimap9	6	48676129	48679114
Gimap4	6	48684549	48692060
Gimap6	6	48701582	48708225
Gimap7	6	48718621	48724636
Gimap1	6	48739054	48743795
Gimap5	6	48746197	48754210
Gimap3	6	48764464	48770851
Tmem176b	6	48833818	48841496
Tmem176a	6	48840919	48847071
Aoc1	6	48872896	48909188
Gpnmb	6	49036546	49070929
Malsu1	6	49073795	49086751
Igf2bp3	6	49085223	49214957
Tra2a	6	49243924	49264033
Ccdc126	6	49319274	49341582
Fam221a	6	49367739	49390539
Mpp6	6	50110241	50198939
Osbpl3	6	50293330	50456201
Cycs	6	50562563	50566538
4921507P07Rik	6	50573302	50596632
Hnrnpa2b1	6	51460932	51469894
Cbx3	6	51470360	51483704
Snx10	6	51523901	51590679
Skap2	6	51857422	52012549
Hoxa2	6	52162417	52164831
Hoxa3	6	52169062	52213336
Hoxa5	6	52201754	52204587
Hoxa7	6	52214491	52221854
Hoxa10	6	52231197	52240854
Hoxa13	6	52257694	52260880
Hibadh	6	52546228	52640389
Tax1bp1	6	52713729	52766780
Creb5	6	53287270	53700376
Chn2	6	54039554	54301810
Scrn1	6	54501173	54566489
Fkbp14	6	54577604	54597308
Plekha8	6	54595111	54645839
Mturn	6	54681624	54703851
Znrf2	6	54816916	54893500
Nod1	6	54923949	54972612
Ggct	6	54982580	54992950
Gars	6	55038007	55079500
Aqp1	6	55336432	55348555
Adcyap1r1	6	55451978	55501451
Avl9	6	56714899	56761912
Kbtbd2	6	56777524	56797813
Fkbp9	6	56832059	56879358
Nt5c3	6	56882400	56923932
Ppm1k	6	57506502	57535468
Herc6	6	57581000	57664632
Pyurf	6	57686576	57692078
Lancl2	6	57702540	57739439
Vopp1	6	57727807	57825159
Abcg2	6	58584523	58695676
Herc3	6	58831465	58920398
Fam13a	6	58932090	59024549
Tigd2	6	59208870	59212033
Gprin3	6	59347226	59426294
Snca	6	60731575	60829855
Smarcad1	6	65042583	65116061
Hpgds	6	65117293	65144908
Tnip3	6	65525313	65634040
Ndnf	6	65671590	65712326
Prdm5	6	65778988	65937010
Mad2l1	6	66535390	66547220
Gng12	6	66896397	67021350
Gadd45a	6	67035096	67037457
Serbp1	6	67238176	67297736
Tacstd2	6	67534062	67535796
Rpia	6	70765720	70792232
Eif2ak3	6	70844515	70905245
Thnsl2	6	71128166	71144439
Krcc1	6	71271677	71285319
Cd8b1	6	71322788	71337494
Cd8a	6	71373427	71379173
Rmnd5a	6	71388634	71440637
Rnf103	6	71493894	71510881
Chmp3	6	71543797	71582609
Kdm3a	6	71588972	71632990
Immt	6	71831331	71877388
Ptcd3	6	71880638	71908750
Polr1a	6	71909053	71984935
St3gal5	6	72097592	72154571
Usp39	6	72318678	72345184
0610030E20Rik	6	72347317	72353148
Tmem150a	6	72355447	72359762
Rnf181	6	72359714	72366956
Vamp5	6	72368794	72380468
Vamp8	6	72385223	72390703
Ggcx	6	72414308	72430712
Mat2a	6	72432799	72439558
Capg	6	72544391	72562983
Elmod3	6	72565922	72598413
Retsat	6	72598475	72608425
Tgoln1	6	72608432	72617000
Tcf7l1	6	72626378	72789254
Kcmf1	6	72841114	72899979
Tmsb10	6	72957347	72958748
Suclg1	6	73248382	73276911
Gm9008	6	76495432	76497784
Reg3b	6	78370657	78373466
Reg1	6	78422711	78428667
Reg3g	6	78466269	78468872
Gcfc2	6	81923669	81959915
Pole4	6	82618992	82705365
Hk2	6	82725025	82774454
Sema4f	6	82911885	82939769
Dok1	6	83030934	83033471
Loxl3	6	83034173	83052562
Htra2	6	83051266	83055273
Aup1	6	83054521	83057808
Dqx1	6	83057844	83067318
Pcgf1	6	83077869	83080855
Mogs	6	83115496	83118898
Wbp1	6	83119044	83121559
Ino80b	6	83121765	83125431
Rtkn	6	83135463	83152579
Wdr54	6	83149361	83156397
Dctn1	6	83165920	83200117
Mthfd2	6	83305691	83325908
Mob1a	6	83326016	83343776
Bola3	6	83349147	83360136
Tet3	6	83362373	83459084
Dguok	6	83480217	83506969
Stambp	6	83543211	83572729
Tex261	6	83768885	83775813
Nagk	6	83794982	83804018
Paip2b	6	83805401	83831741
Zfp638	6	83867109	83989550
Cyp26b1	6	84571414	84593908
Exoc6b	6	84618487	85069513
Spr	6	85130176	85137766
Sfxn5	6	85213049	85333422
Rab11fip5	6	85334962	85374634
Smyd5	6	85431989	85446435
Pradc1	6	85446810	85451970
Cct7	6	85451514	85468475
Alms1	6	85587531	85702753
Tprkb	6	85911865	85930284
Dusp11	6	85942268	85961667
Add2	6	86028681	86124409
Tgfa	6	86195223	86275719
Fam136a	6	86365646	86370058
Snrpg	6	86371304	86379328
Pcyox1	6	86386006	86397154
Tia1	6	86404219	86433405
C87436	6	86438374	86473500
Pcbp1	6	86524492	86526321
Asprv1	6	86628164	86629710
Mxd1	6	86647042	86669161
Snrnp27	6	86675151	86684522
Gmcl1	6	86691768	86733383
Anxa4	6	86736840	86793584
Aak1	6	86849517	87003223
Nfu1	6	87009236	87028461
Gfpt1	6	87042846	87092197
Antxr1	6	87133853	87335821
Gkn1	6	87345650	87350942
Gkn2	6	87373357	87379497
Gkn3	6	87383256	87388935
Arhgap25	6	87458545	87533259
Prokr1	6	87578591	87590743
Aplf	6	87628424	87672193
Gp9	6	87778072	87779768
Rab43	6	87788853	87812164
Isy1	6	87814269	87838798
Cnbp	6	87842615	87851106
Copg1	6	87887814	87913595
Hmces	6	87913935	87936629
H1fx	6	87980421	87981637
Rab7	6	87999106	88045270
Rpn1	6	88084482	88105304
Gata2	6	88193891	88207032
Eefsec	6	88257334	88446539
Ruvbl1	6	88465409	88497572
Sec61a1	6	88503579	88518905
Mgll	6	88724412	88828360
Abtb1	6	88835914	88841984
Mcm2	6	88883474	88898780
Tpra1	6	88902251	88912238
Plxna1	6	89316314	89362620
Chchd6	6	89383146	89595652
Txnrd3	6	89643988	89675529
Chst13	6	90308349	90325185
Zxdc	6	90369492	90403490
Slc41a3	6	90604725	90646412
Iqsec1	6	90656088	90988685
Nup210	6	91013068	91116829
Hdac11	6	91156665	91174692
Fbln2	6	91212455	91272540
Wnt7a	6	91363981	91411363
Chchd4	6	91462172	91473546
Tmem43	6	91473703	91488463
Xpc	6	91489305	91515888
Lsm3	6	91515928	91522625
Slc6a6	6	91684053	91759066
Ccdc174	6	91878053	91899843
Nr2c2	6	92091390	92174294
Rbsn	6	92186712	92214925
Adamts9	6	92772699	92943492
Magi1	6	93675455	94283917
Slc25a26	6	94500331	94604672
Lrig1	6	94604529	94700158
Suclg2	6	95473009	95718800
Eogt	6	97110024	97149182
Tmf1	6	97152997	97179122
Uba3	6	97183670	97205647
Arl6ip5	6	97210689	97233315
Frmd4b	6	97286867	97617541
Mitf	6	97807052	98021349
Foxp1	6	98925338	99522721
Gm20696	6	99257484	99666797
Eif4e3	6	99625135	99666771
Gpr27	6	99692679	99695066
Shq1	6	100568256	100671157
Gxylt2	6	100704734	100810913
Ppp4r2	6	100833622	100869934
Pdzrn3	6	101149609	101377897
Chl1	6	103510586	103750211
Il5ra	6	106710357	106749037
Trnt1	6	106769120	106782474
Crbn	6	106780201	106800077
Setmar	6	108065045	108077122
Sumf1	6	108107028	108185582
Itpr1	6	108213096	108551109
Bhlhe40	6	108660629	108666925
Arl8b	6	108783099	108825278
Edem1	6	108828641	108859356
Lmcd1	6	112273758	112330425
Rad18	6	112619850	112696686
Srgap3	6	112717971	112947266
Thumpd3	6	113046225	113068273
Setd5	6	113077365	113153435
Mtmr14	6	113237843	113281392
Brpf1	6	113307137	113324860
Ogg1	6	113326972	113335068
Camk1	6	113334124	113343984
Tada3	6	113366025	113377883
Arpc4	6	113378115	113390448
Ttll3	6	113389260	113414587
Rpusd3	6	113415319	113419340
Cidec	6	113424634	113435760
Jagn1	6	113442569	113448229
Il17re	6	113458484	113470758
Il17rc	6	113471427	113483140
Creld1	6	113483297	113493343
Emc3	6	113514874	113531652
Fancd2	6	113531682	113597017
Brk1	6	113604772	113616951
Vhl	6	113623959	113631633
Irak2	6	113638467	113695026
Tatdn2	6	113697050	113711069
Sec13	6	113728062	113740743
Hrh1	6	114397936	114483296
Atg7	6	114643097	114860614
Vgll4	6	114860628	114969994
Tamm41	6	115004381	115037876
Pparg	6	115360951	115490399
Tsen2	6	115544664	115578628
Mkrn2os	6	115583544	115592576
Mkrn2	6	115601902	115622624
Raf1	6	115618067	115676635
Tmem40	6	115729131	115762410
Mbd4	6	115840697	115853371
Ift122	6	115853470	115926699
Plxnd1	6	115954811	115995005
Tmcc1	6	116018611	116193486
Washc2	6	116208038	116262686
Zfand4	6	116264222	116330302
March8	6	116338024	116409540
Alox5	6	116410077	116461178
Gm5580	6	116551141	116552502
Zfp422	6	116624016	116628999
Rassf4	6	116633008	116673952
Cxcl12	6	117168535	117181367
Zfp637	6	117841180	117845956
Zfp239	6	117862100	117873291
Hnrnpf	6	117900324	117925622
Rasgef1a	6	118011438	118091546
Csgalnact2	6	118107452	118139140
Bms1	6	118383381	118419474
Zfp9	6	118461950	118479320
Ankrd26	6	118501308	118562226
Cacna1c	6	118587240	119196418
Dcp1b	6	119175253	119221616
Adipor2	6	119353150	119417704
Fbxl14	6	119479668	119482630
Erc1	6	119570796	119848167
Rad52	6	119902698	119922828
Wnk1	6	119923969	120038672
Ccdc77	6	120324323	120364374
Kdm5a	6	120364124	120444574
Il17ra	6	120463247	120487559
Cecr2	6	120666369	120771190
Atp6v1e1	6	120794305	120822793
Bcl2l13	6	120836212	120892842
Bid	6	120891930	120916853
Mical3	6	120931707	121130999
Pex26	6	121183667	121198837
Tuba8	6	121210696	121226854
Usp18	6	121245906	121270917
M6pr	6	122308720	122317680
Phc1	6	122317731	122340561
Mfap5	6	122505845	122529290
Apobec1	6	122577792	122602444
Gdf3	6	122605403	122610087
Slc2a3	6	122727809	122801640
Foxj2	6	122819914	122845366
C3ar1	6	122847138	122856161
Necap1	6	122874474	122888941
Clec4a1	6	122921848	122934619
Clec4a3	6	122952515	122969875
Clec4b1	6	123049962	123071555
Clec4a2	6	123106428	123143999
Clec4n	6	123229843	123247021
Clec4d	6	123262111	123275265
Clec4e	6	123281789	123289870
Pex5	6	124396816	124415067
C1rl	6	124493113	124510643
C1ra	6	124512405	124523443
C1s1	6	124530345	124542359
Lpcat3	6	124663027	124704418
Emg1	6	124704085	124712178
Phb2	6	124712336	124716950
Ptpn6	6	124720707	124738714
Grcc10	6	124739183	124741374
Atn1	6	124742544	124756524
Spsb2	6	124808661	124810619
Tpi1	6	124810586	124814296
Usp5	6	124815019	124829484
Cdca3	6	124829547	124833701
Cd4	6	124864692	124888221
Ptms	6	124913681	124920103
Mlf2	6	124931386	124937238
Cops7a	6	124958413	124965538
Pianp	6	124996694	125003096
Zfp384	6	125009145	125037870
Ing4	6	125039760	125049265
Acrbp	6	125049689	125063267
Chd4	6	125095981	125130591
Nop2	6	125131909	125144753
Iffo1	6	125145241	125161782
Gapdh	6	125161715	125166467
Ncapd2	6	125168007	125191701
Vamp1	6	125215551	125245964
Tapbpl	6	125223933	125231860
Cd27	6	125232622	125237010
Ltbr	6	125306571	125313885
Scnn1a	6	125320659	125344943
Tnfrsf1a	6	125349362	125362484
Cd9	6	125460266	125494791
Vwf	6	125546774	125686679
Ndufa9	6	126821721	126849136
Rad51ap1	6	126923050	126939587
D6Wsu163e	6	126939962	126975967
Tigar	6	127085116	127109557
Ccnd2	6	127125162	127152193
Parp11	6	127446840	127494261
Cracr2a	6	127561338	127674248
Tspan9	6	127961396	128143594
Tead4	6	128224288	128300823
Tulp3	6	128321161	128355851
Rhno1	6	128357000	128362911
Foxm1	6	128362967	128376146
Itfg2	6	128409444	128424931
Fkbp4	6	128429735	128438677
Pzp	6	128483567	128526720
Klrb1b	6	128813706	128826331
BC035044	6	128849090	128891126
Clec2i	6	128887588	128898167
Clec2d	6	129180615	129186534
Cd69	6	129267325	129275436
Clec12a	6	129342691	129365303
Clec9a	6	129408862	129424763
Olr1	6	129485244	129507165
Gabarapl1	6	129533160	129542346
Klrd1	6	129591782	129598775
Klrk1	6	129610323	129623864
Klrc1	6	129666015	129678973
Klra17	6	129831154	129876672
Klra4	6	130043731	130067271
Klra2	6	131219223	131247362
Magohb	6	131284388	131293244
Styk1	6	131299142	131353597
Ybx3	6	131364855	131388476
Smim10l1	6	133104909	133110899
Etv6	6	134035700	134270158
Bcl2l14	6	134396318	134438736
Lrp6	6	134446476	134566965
Mansc1	6	134609207	134632488
Borcs5	6	134639510	134711187
Dusp16	6	134715468	134792625
Crebl2	6	134830154	134858931
Gpr19	6	134869093	134898578
Cdkn1b	6	134920401	134925513
Ddx47	6	135011612	135023776
Gprc5a	6	135065651	135084709
Hebp1	6	135137522	135198022
Fam234b	6	135197977	135244955
Pbp2	6	135309127	135310405
Emp1	6	135362545	135383173
Grin2b	6	135713233	136173511
Atf7ip	6	136506167	136610862
Plbd1	6	136612070	136661928
Gucy2c	6	136697284	136781765
H2afj	6	136808244	136810074
Wbp11	6	136813654	136828233
Art4	6	136848451	136857733
Mgp	6	136872435	136875823
Arhgdib	6	136923655	136941899
Ptpro	6	137252319	137463233
Eps8	6	137477245	137654876
Strap	6	137735078	137751932
Dera	6	137754546	137857340
Mgst1	6	138140316	138156755
Pik3c2g	6	139587221	139969284
Plekha5	6	140424054	140597110
Aebp2	6	140622663	140678472
Pyroxd1	6	142345654	142363257
Recql	6	142350342	142387087
Golt1b	6	142387221	142403858
Kcnj8	6	142564837	142571614
Cmas	6	142756686	142775714
C2cd5	6	143010920	143100141
Etnk1	6	143167221	143232307
Lrmp	6	145115653	145174934
Etfrf1	6	145211134	145216939
Kras	6	145216699	145250239
Rassf8	6	145746748	145821079
Bhlhe41	6	145858243	145865558
Sspn	6	145931641	145965223
Itpr2	6	146108299	146502223
Ints13	6	146549632	146577835
Fgfr1op2	6	146577203	146599198
Tm7sf3	6	146602352	146642824
Med21	6	146642547	146650732
Stk38l	6	146724995	146778812
Arntl2	6	146796055	146833529
Ppfibp1	6	146888487	147032025
Klhl42	6	147091379	147112778
Pthlh	6	147252101	147264183
Ccdc91	6	147475828	147632612
Ergic2	6	148179079	148212374
Ipo8	6	148770683	148831467
Caprin2	6	148842492	148896237
Dennd5b	6	148988071	149101680
Etfbkmt	6	149139849	149151171
Amn1	6	149157147	149188712
Bicd1	6	149408886	149563329
Nlrp12	7	3218784	3249740
Myadm	7	3289080	3300442
Tarm1	7	3486500	3502624
Ndufa3	7	3617373	3620327
Tfpt	7	3620324	3629929
Prpf31	7	3629985	3642486
Cnot3	7	3645268	3661109
Leng1	7	3660098	3665840
Tmc4	7	3665790	3677553
Mboat7	7	3677789	3693523
Tsen34	7	3692863	3701024
Pirb	7	3711409	3720391
Lilra6	7	3908280	3915503
Lair1	7	4003402	4063204
Ttyh1	7	4119408	4136708
Leng8	7	4137039	4148177
Leng9	7	4147915	4150374
Lilra5	7	4237754	4243463
Rdh13	7	4424770	4445649
Eps8l1	7	4460674	4480487
Ppp1r12c	7	4481520	4501680
Tnnt1	7	4504570	4516382
Dnaaf3	7	4522933	4532453
Ptprh	7	4548612	4604041
Tmem86b	7	4628040	4631422
Ppp6r1	7	4631495	4659019
Hspbp1	7	4660521	4685068
Kmt5c	7	4740115	4747514
Cox6b2	7	4751792	4753094
Tmem238	7	4784557	4789656
Ube2s	7	4794546	4812590
Isoc2b	7	4844959	4870258
Isoc2a	7	4877153	4896973
Zfp628	7	4915217	4922002
Zfp579	7	4983483	4996158
Fiz1	7	5007059	5014697
Zfp524	7	5014415	5018488
Zfp865	7	5020376	5036768
Zfp580	7	5051538	5053723
U2af2	7	5062143	5079938
Epn1	7	5080235	5098178
Zfp787	7	6131491	6155997
Zfp444	7	6172226	6193811
Zfp667	7	6286579	6307883
Zfp28	7	6383295	6396915
Zfp954	7	7114690	7121488
Clcn4	7	7282309	7300851
Zik1	7	10487229	10495394
Zfp606	7	12478293	12496235
Zfp329	7	12804977	12818858
Zfp110	7	12834761	12850577
Zscan22	7	12897815	12909083
Zfp324	7	12965838	12974236
Zfp446	7	12977848	12985714
Trim28	7	12999114	13031035
Zbtb45	7	13003898	13010034
Chmp2a	7	13032010	13034807
Ube2m	7	13035120	13038275
Mzf1	7	13042303	13054764
Lig1	7	13277283	13311433
Selenow	7	15917208	15922402
Ehd2	7	15946958	15967567
Napa	7	16098458	16117975
Kptn	7	16119895	16127516
Meis3	7	16175090	16186504
Dhx34	7	16197147	16222037
C5ar2	7	16234585	16244154
C5ar1	7	16246743	16259540
Inafm1	7	16272013	16273617
Ccdc9	7	16274042	16286795
Bbc3	7	16308393	16318205
Sae1	7	16320234	16387806
Zc3h4	7	16400910	16437696
Tmem160	7	16452779	16455494
Arhgap35	7	16493719	16614993
Ap2s1	7	16738410	16749294
Slc1a5	7	16781340	16798274
Fkrp	7	16809246	16816732
Strn4	7	16815889	16840931
Prkd2	7	16842902	16870464
Calm3	7	16915379	16924114
Ccdc8	7	16992708	16997516
Ppp5c	7	17004640	17027924
Hif3a	7	17031507	17062427
Pglyrp1	7	18871331	18890459
Ccdc61	7	18890883	18910415
Mypop	7	18991245	19001766
Irf2bp1	7	19004044	19006777
Foxa3	7	19013284	19023538
Sympk	7	19024377	19054618
Dmwd	7	19076227	19082776
Six5	7	19094594	19098549
Fbxo46	7	19119859	19140172
Qpctl	7	19139702	19149291
Snrpd2	7	19149722	19153542
Eml2	7	19176421	19206482
Opa3	7	19228334	19256543
Vasp	7	19256929	19271817
Fosb	7	19302696	19310051
Ercc1	7	19344778	19356524
Cd3eap	7	19356014	19359483
Ppp1r13l	7	19359749	19378533
Ercc2	7	19382010	19395694
Klc3	7	19394437	19404104
Mark4	7	19424775	19458821
Bloc1s3	7	19504486	19508367
Trappc6a	7	19508395	19516145
Ppp1r37	7	19530800	19563076
Gemin7	7	19564946	19577595
Zfp296	7	19577287	19580656
Clasrp	7	19581035	19604486
Relb	7	19606217	19629438
Clptm1	7	19631571	19665033
Apoe	7	19696109	19699188
Tomm40	7	19701313	19715438
Nectin2	7	19716644	19750483
Bcam	7	19756131	19771016
Cblc	7	19778881	19796809
Bcl3	7	19808462	19822770
Pvr	7	19903578	19921160
Ceacam20	7	19965412	19991104
Zfp180	7	24081924	24107713
Zfp111	7	24193947	24211443
Zfp93	7	24270420	24277794
Kcnn4	7	24370263	24386690
Smg9	7	24399619	24422778
Plaur	7	24462484	24475968
Cadm4	7	24482023	24504539
Zfp428	7	24507006	24515682
Irgq	7	24530689	24538600
Xrcc1	7	24546289	24573440
Ethe1	7	24587543	24608925
Phldb3	7	24610763	24629297
Cd177	7	24743983	24760311
Ceacam10	7	24777206	24784657
Gm9844	7	24862213	24862697
Arhgef1	7	24902912	24926594
Rabac1	7	24969752	24972754
Atp1a3	7	24978167	25005958
Grik5	7	25009849	25072346
Zfp574	7	25072567	25083492
Pou2f2	7	25087344	25179726
Dedd2	7	25199915	25220615
Gsk3a	7	25228258	25237851
Erf	7	25242561	25250761
Cic	7	25267704	25294159
Pafah1b3	7	25295049	25297986
Megf8	7	25317164	25365917
Lipe	7	25379527	25398710
Cxcl17	7	25400053	25412886
Ceacam1	7	25461707	25477603
B3gnt8	7	25626654	25635100
Bckdha	7	25629946	25658981
Exosc5	7	25659164	25671368
B9d2	7	25680780	25686558
Tgfb1	7	25687002	25705077
Ccdc97	7	25711106	25719088
Hnrnpul1	7	25721165	25754757
Axl	7	25757273	25788705
Cyp2s1	7	25802475	25816913
Egln2	7	27158658	27166802
Snrpa	7	27187005	27196271
BC024978	7	27195781	27210186
Itpkc	7	27207172	27228661
Coq8b	7	27233023	27257950
Numbl	7	27258433	27282144
Ltbp4	7	27305136	27337692
Shkbp1	7	27342133	27356019
Blvrb	7	27447978	27466144
Sertad3	7	27473768	27477364
Sertad1	7	27486910	27490316
Prx	7	27499324	27520214
Pld3	7	27532000	27553218
2310022A10Rik	7	27553233	27582099
Akt2	7	27591552	27640826
Map3k10	7	27656375	27674598
Zfp60	7	27731389	27753702
Zfp626	7	27807196	27822916
Zfp607a	7	27857527	27880825
Zfp974	7	27907392	27929460
Zfp780b	7	27959135	27979171
Psmc4	7	28041707	28050101
Fcgbp	7	28071236	28120862
9530053A07Rik	7	28129466	28164811
Dyrk1b	7	28179469	28187294
Eid2	7	28267881	28269272
Timm50	7	28305516	28312072
Supt5	7	28314891	28338746
Plekhg2	7	28359604	28372599
Zfp36	7	28376784	28380253
Med29	7	28386146	28392708
Paf1	7	28392951	28399388
Samd4b	7	28399522	28598144
Gmfg	7	28437447	28448233
Pak4	7	28558819	28598185
Sars2	7	28741992	28753871
Nfkbib	7	28758251	28767512
Sirt2	7	28766735	28788661
Rinl	7	28788969	28798963
Hnrnpl	7	28808541	28822266
Ech1	7	28825217	28832247
Lgals4	7	28833854	28841708
Lgals7	7	28863853	28866284
Actn4	7	28893248	28962340
Eif3k	7	28971372	28981864
Map4k1	7	28982050	29003279
Ryr1	7	29003344	29125179
Rasgrp4	7	29134851	29153961
Fam98c	7	29152510	29156234
Spred3	7	29158829	29170411
Psmd8	7	29174188	29180701
Kcnk6	7	29221926	29232515
Yif1b	7	29238329	29247597
2200002D01Rik	7	29246561	29248466
Spint2	7	29256323	29281912
Ppp1r14a	7	29289308	29293801
Sipa1l3	7	29320372	29518641
Zfp84	7	29768552	29779821
Zfp30	7	29783998	29794702
Zfp420	7	29859979	29877292
Zfp27	7	29893333	29906572
Zfp383	7	29908223	29916813
Zfp74	7	29930815	29954089
Zfp568	7	29983955	30028282
Zfp260	7	30094777	30107622
Zfp146	7	30161269	30169750
Cox7a1	7	30184144	30186078
Capns1	7	30186936	30198811
Tbcb	7	30224131	30232272
Polr2i	7	30231948	30233390
Wdr62	7	30240138	30280419
Alkbh6	7	30308717	30314304
Sdhaf1	7	30321406	30323895
Lrfn3	7	30355489	30362772
Tyrobp	7	30413760	30417585
Hcst	7	30417712	30419854
Nfkbid	7	30421732	30428746
Aplp1	7	30434982	30445535
Hspb6	7	30552178	30555443
Lin37	7	30555441	30559838
Psenen	7	30561863	30563627
U2af1l4	7	30563301	30565365
Igflr1	7	30565427	30567962
Kmt2b	7	30568858	30588726
Zbtb32	7	30589681	30598909
Cox6b1	7	30616861	30626151
Rbm42	7	30640999	30650317
Haus5	7	30653711	30664994
Tmem147	7	30727701	30729540
Sbsn	7	30751471	30756134
Dmkn	7	30763756	30781063
Ffar2	7	30818348	30823775
Cd22	7	30865402	30880342
Usf2	7	30945248	30956803
Lsr	7	30957770	30973464
Fam187b	7	30973790	30989726
Fxyd5	7	31032722	31042481
Fxyd1	7	31051678	31057199
Lgi4	7	31059342	31070935
Fxyd3	7	31068172	31076704
Hpn	7	31098725	31115290
Scn1b	7	31116524	31127003
Gramd1a	7	31130127	31155896
Uba2	7	34140688	34169599
Pdcd2l	7	34184499	34196661
Gpi1	7	34201330	34230336
4931406P16Rik	7	34236707	34313551
Lsm14a	7	34344646	34393315
Chst8	7	34674468	34812711
Pepd	7	34912379	35044708
Cebpg	7	35046422	35056573
Cebpa	7	35119293	35121928
Gpatch1	7	35276536	35318440
Rhpn2	7	35334170	35392289
Faap24	7	35392152	35396836
Cep89	7	35397035	35438689
Slc7a9	7	35448796	35466036
Nudt19	7	35547185	35556304
Ankrd27	7	35586244	35639226
Pdcd5	7	35641982	35647521
Dpy19l3	7	35685165	35754454
Zfp507	7	35772343	35803003
Uri1	7	37959992	38023551
Ccne1	7	38097984	38107534
1600014C10Rik	7	38183217	38197568
Plekhf1	7	38216972	38228016
Pop4	7	38261996	38271423
AI987944	7	41372923	41393379
AW146154	7	41478874	41499890
2610021A01Rik	7	41599230	41628533
Zfp788	7	41633203	41651530
Zfp141	7	42473386	42505740
Zfp715	7	43296197	43313294
Siglecf	7	43351341	43359531
Siglecg	7	43408204	43418358
Nkg7	7	43437073	43438249
Etfb	7	43444083	43457800
Vsig10l	7	43463151	43472019
Cd33	7	43524216	43544428
Zfp658	7	43562256	43575461
Zfp719	7	43579610	43593235
Ceacam18	7	43634707	43649295
Siglece	7	43651070	43660161
Ctu1	7	43672016	43678298
Klk8	7	43797577	43803826
2410002F23Rik	7	44246722	44252319
Clec11a	7	44302687	44306902
Josd2	7	44467980	44471662
Emc10	7	44489937	44496529
Spib	7	44525993	44532071
Pold1	7	44532746	44548849
Nr1h2	7	44549616	44553951
Napsa	7	44572380	44586862
Myh14	7	44605803	44670843
Vrk3	7	44748413	44777515
Atf5	7	44812256	44816658
Nup62	7	44816088	44830812
Tbc1d17	7	44834623	44849079
Akt1s1	7	44848991	44855421
Pnkp	7	44857139	44862992
Ptov1	7	44863067	44869788
Med25	7	44876765	44892712
Fuz	7	44896079	44902631
Ap2a1	7	44900373	44929496
Cpt1c	7	44959372	44974851
Prmt1	7	44975989	44986568
Bcl2l12	7	44991222	44998712
Irf3	7	44997648	45002848
Scaf1	7	45002948	45016363
Rras	7	45017961	45021647
Prr12	7	45027563	45052881
Prrg2	7	45053584	45062677
Nosip	7	45062429	45078210
Rcn3	7	45082913	45092221
Fcgrt	7	45092990	45103851
Flt3l	7	45129788	45136432
Aldh16a1	7	45140684	45154584
Pih1d1	7	45154303	45160065
Tead2	7	45215753	45233644
Cd37	7	45233632	45239115
Trpm4	7	45302632	45333780
Ppfia3	7	45339122	45367019
Snrnp70	7	45376453	45395742
Ruvbl2	7	45421760	45438096
Gys1	7	45434844	45456619
Ftl1	7	45457944	45459884
Bax	7	45461697	45466898
Dhdh	7	45470987	45488805
Nucb1	7	45490458	45510406
Ppp1r15a	7	45522916	45526268
Hsd17b14	7	45554893	45567752
Bcat2	7	45570153	45589711
Rasip1	7	45627488	45639093
Mamstr	7	45639977	45646521
Fut2	7	45648591	45666394
Dbp	7	45705088	45710203
Sphk2	7	45709467	45718002
Fam83e	7	45721212	45729492
Sult2b1	7	45729983	45784669
Cyth2	7	45806637	45814581
Grwd1	7	45825223	45830944
Kdelr1	7	45872772	45883732
Tmem143	7	45896941	45917413
Emp3	7	45918023	45921404
Nomo1	7	46033698	46084212
Sergef	7	46443154	46639807
Saal1	7	46686108	46710680
Saa3	7	46711998	46715700
Hps5	7	46760466	46796064
Gtf2h1	7	46796103	46823800
Ldha	7	46841475	46855627
Tsg101	7	46888949	46919969
Uevld	7	46923216	46958527
Spty2d1	7	46990396	47008411
Tmem86a	7	47050601	47054777
Zdhhc13	7	48789003	48827440
E2f8	7	48866429	48881596
Nav2	7	48908716	49610090
Htatip2	7	49759115	49773975
Prmt3	7	49778346	49858265
Fancf	7	51860577	51862267
Gas2	7	51862015	51994975
Svip	7	51997171	52006018
Tubgcp5	7	55794154	55831677
Cyfip1	7	55841745	55932602
Nipa2	7	55931287	55962476
Nipa1	7	55977567	56019954
Herc2	7	56050196	56231800
Atp10a	7	58656166	58829420
Ube3a	7	59228750	59311536
Klf13	7	63886351	63938915
Mtmr10	7	64287653	64340806
Mphosph10	7	64376527	64392268
Mcee	7	64392607	64412125
Nsmce3	7	64867052	64872997
Tjp1	7	65296165	65527781
Tarsl2	7	65644898	65692091
Tm2d3	7	65691169	65701913
Pcsk6	7	65861734	66050386
Snrpa1	7	66059003	66074587
Selenos	7	66079649	66089405
Chsy1	7	66109515	66173798
Lrrk1	7	66226912	66388350
Aldh1a3	7	66390890	66427517
Asb7	7	66644565	66689596
Lins1	7	66689889	66717256
Lysmd4	7	67222544	67307330
Mef2a	7	67231163	67372858
Lrrc28	7	67513410	67645268
Ttc23	7	67647410	67762912
Igf1r	7	67952827	68233668
Fam169b	7	68273839	68363092
Arrdc4	7	68736995	68749241
Nr2f2	7	70351944	70366735
Mctp2	7	72077830	72306608
Chd2	7	73426638	73541830
Slco3a1	7	74275419	74554780
Akap13	7	75455534	75754609
Klhl25	7	75848310	75874131
Det1	7	78821547	78847263
Aen	7	78895854	78911209
Isg20	7	78913424	78920396
Acan	7	79053483	79115099
Mfge8	7	79133768	79149060
Abhd2	7	79273199	79365508
Fanci	7	79391929	79450264
Polg	7	79446231	79466362
Ticrr	7	79660196	79698148
Pex11a	7	79735957	79743131
Anpep	7	79821803	79861059
Ap3s2	7	79875325	79920649
Arpin	7	79925361	79935359
Zfp710	7	80024814	80094173
Idh2	7	80094846	80115392
Sema4b	7	80186841	80226527
Cib1	7	80227147	80232813
Gdpgp1	7	80232865	80242061
Ngrn	7	80261215	80265374
Vps33b	7	80269649	80291754
Rccd1	7	80293229	80324454
Prc1	7	80294450	80316259
Unc45a	7	80325292	80341005
Hddc3	7	80343104	80350547
Man2a2	7	80349097	80371375
Fes	7	80377756	80387946
Furin	7	80388585	80405436
Blm	7	80454733	80535119
Crtc3	7	80586627	80688877
Iqgap1	7	80711583	80825974
Wdr73	7	80890723	80901269
Nmb	7	80902227	80905076
Sec11a	7	80904889	80947780
Zfp592	7	80993681	81045164
Pde8a	7	81213596	81334533
Whamm	7	81571266	81596836
Homer2	7	81600481	81707527
3110040N11Rik	7	81782182	81789478
Btbd1	7	81792074	81829431
Tm6sf1	7	81859001	81884434
Adamtsl3	7	82335694	82614450
Efl1	7	82648614	82777852
Mex3b	7	82867333	82871515
Stard5	7	83631959	83653127
Il16	7	83642825	83745726
Cemip	7	83932857	84086502
Abhd17c	7	84109356	84151893
Fah	7	84585159	84606722
Zfand6	7	84613766	84689959
Ctsc	7	88278085	88310888
Rab38	7	88430273	88491572
Tmem135	7	89139714	89404222
Fzd4	7	89404355	89413134
Prss23	7	89507783	89527187
Hikeshi	7	89917529	89941204
Eed	7	89954654	89980983
Picalm	7	90130213	90213465
Sytl2	7	90302252	90410719
Crebzf	7	90442729	90447994
Tmem126a	7	90450700	90457229
Tmem126b	7	90467438	90476001
Ccdc90b	7	92561149	92582294
Pcf11	7	92643543	92669934
Rab30	7	92741603	92844535
Ddias	7	92857525	92874247
Prcp	7	92874470	92934583
Tenm4	7	96171246	96911093
Nars2	7	96951505	97064758
Gab2	7	97081586	97308946
Kctd21	7	97332327	97350213
Alg8	7	97371606	97392185
Ndufc2	7	97400003	97407802
Kctd14	7	97451323	97459557
Ints4	7	97480956	97541395
Aamdc	7	97550331	97579497
Rsf1	7	97579889	97692778
Clns1a	7	97696634	97720796
Aqp11	7	97724006	97738289
Pak1	7	97788541	97912381
Myo7a	7	98051060	98119524
Capn5	7	98121559	98178274
Omp	7	98143359	98145502
Acer3	7	98206389	98321208
Tsku	7	98350668	98361328
Lrrc32	7	98489283	98502181
Emsy	7	98587137	98656783
Thap12	7	98703103	98718062
Uvrag	7	98885021	99141141
Dgat2	7	99153658	99182719
Mogat2	7	99219084	99238619
Map6	7	99267447	99337137
Serpinh1	7	99345376	99353239
Gdpd5	7	99381414	99461877
Arrb1	7	99535466	99606771
Slco2b1	7	99657804	99711340
Spcs2	7	99837569	99863462
Rnf169	7	99920254	99980448
Pold3	7	100082111	100121565
Lipt2	7	100159277	100161365
Kcne3	7	100176502	100184869
Pgm2l1	7	100227394	100278868
P4ha3	7	100285520	100319699
Ppme1	7	100326737	100372307
C2cd3	7	100372233	100470152
Ucp2	7	100493337	100502020
Coa4	7	100537071	100540369
Rab6a	7	100607410	100641268
Fam168a	7	100706635	100841656
Relt	7	100845847	100863446
Arhgef17	7	100869752	100932107
P2ry6	7	100937630	100974649
P2ry2	7	100996568	101012866
Fchsd2	7	101092863	101284405
Atg16l2	7	101263034	101302251
Stard10	7	101317086	101346626
Arap1	7	101348067	101412586
Clpb	7	101663633	101795506
Inppl1	7	101822632	101838229
Folr2	7	101839988	101857194
Anapc15	7	101863715	101901849
Lamtor1	7	101905904	101926675
Numa1	7	101934111	102014964
Il18bp	7	102014885	102018690
Rnf121	7	102019137	102065469
Xndc1	7	102065511	102083765
Nup98	7	102119398	102210176
Pgap2	7	102210208	102238567
Rhog	7	102239123	102256054
Stim1	7	102267806	102437319
Rrm1	7	102441695	102469771
Trim21	7	102557921	102565486
Trim68	7	102677582	102687327
Hbb-bt	7	103812524	103813996
Hbb-bs	7	103826534	103828096
Trim34a	7	104244457	104262234
Trim12a	7	104299894	104315466
Trim12c	7	104338754	104353362
Trim30b	7	104355382	104369884
Trim30a	7	104409025	104465193
Trim30d	7	104470014	104507849
Olfr652	7	104560901	104568634
Fam160a2	7	105371211	105400054
Smpd1	7	105554360	105558389
Apbb1	7	105558483	105581653
Hpx	7	105591613	105600137
Trim3	7	105604463	105633571
Arfip2	7	105634203	105640416
Timm10b	7	105640056	105643637
Rrp8	7	105731730	105737385
Ilk	7	105736592	105742925
Taf10	7	105739393	105744361
Tpp1	7	105744811	105752235
Ppfibp2	7	107595207	107748583
Eif3f	7	108934417	108942951
Lmo1	7	109138572	109175207
St5	7	109523911	109703605
Akip1	7	109703690	109712189
Tmem9b	7	109735834	109752875
Dennd5a	7	109893780	109960470
Tmem41b	7	109972187	109986929
Ipo7	7	110018274	110056609
Zfp143	7	110061217	110095394
Wee1	7	110122046	110143286
Swap70	7	110221711	110283506
Sbf2	7	110308013	110614922
Adm	7	110627661	110629820
Ampd3	7	110768206	110812405
Rnf141	7	110800432	110844457
Lyve1	7	110850607	110863239
Ctr9	7	111028951	111056377
Eif4g2	7	111067750	111083030
Usp47	7	112023504	112111661
Dkk3	7	112116017	112159057
Mical2	7	112225856	112413106
Parva	7	112427505	112591692
Tead1	7	112679318	112906807
Arntl	7	113207465	113314126
Btbd10	7	113315626	113369392
Far1	7	113513834	113571511
Spon1	7	113765998	114043370
Rras2	7	114046782	114117781
Copb1	7	114215559	114254711
Psma1	7	114264606	114276118
Pde3b	7	114415281	114539251
Sox6	7	115470872	116038796
1110004F10Rik	7	116039397	116105210
Plekha7	7	116123485	116308376
Pik3c2a	7	116337265	116443449
Nucb2	7	116504369	116540584
Xylt1	7	117380979	117673580
Arl6ip1	7	118118891	118129662
Smg1	7	118131308	118243670
Syt17	7	118380717	118448222
Itpripl2	7	118485111	118491975
Coq7	7	118509659	118533356
Tmc5	7	118597297	118675086
Gde1	7	118688545	118705778
Ccp110	7	118712552	118737024
Knop1	7	118842222	118856254
Gprc5b	7	118972047	118995211
Thumpd1	7	119715093	119720798
Acsm3	7	119760923	119787513
Eri2	7	119768679	119794058
Dcun1d3	7	119852796	119896298
Lyrm1	7	119895861	119956963
Tmem159	7	120102353	120120992
Anks4b	7	120173858	120185586
Uqcrc2	7	120635176	120659524
Eef2k	7	120842831	120907450
Polr3e	7	120917744	120947432
Cdr2	7	120957036	120982312
Mettl9	7	121034445	121078329
Igsf6	7	121064067	121074572
Usp31	7	121642021	121707253
Cog7	7	121879363	121981711
Gga2	7	121986722	122021222
Ears2	7	122037213	122067263
Ubfd1	7	122067175	122082194
Ndufab1	7	122085403	122101886
Palb2	7	122107262	122132985
Dctn5	7	122133041	122149044
Plk1	7	122159439	122169873
Ern2	7	122169893	122186207
Prkcb	7	122288751	122634402
Rbbp6	7	122965686	123002557
Tnrc6a	7	123123885	123195296
Arhgap17	7	123279218	123369915
Lcmt1	7	123369784	123430358
Kdm8	7	125444676	125462269
Nsmce1	7	125467640	125491596
Il4ra	7	125552120	125579474
Il21r	7	125603429	125633570
Gtf3c1	7	125640954	125707780
D430042O09Rik	7	125707888	125874793
Xpo6	7	126101715	126200501
Sbk1	7	126272619	126295016
Lat	7	126363824	126369570
Spns1	7	126370060	126377450
Nfatc2ip	7	126382854	126396737
Cd19	7	126408450	126414889
Rabep2	7	126428759	126449245
Sh2b1	7	126466994	126475424
Atxn2l	7	126491708	126503437
Eif3c	7	126546455	126566411
Cln3	7	126571207	126585817
Apobr	7	126584942	126589112
Nupr1	7	126623249	126630861
Sgf29	7	126649309	126672925
Sult1a1	7	126672865	126676432
Slx1b	7	126689468	126695784
Bola2	7	126695401	126699798
Coro1a	7	126699773	126707787
Mapk3	7	126759601	126765819
Gdpd3	7	126766334	126775649
Ypel3	7	126776955	126780514
Ppp4c	7	126785866	126792496
Aldoa	7	126795234	126800751
Ino80e	7	126850960	126862377
Hirip3	7	126861972	126865377
Taok2	7	126865678	126884703
Tmem219	7	126886171	126922917
Kctd13	7	126928879	126945631
Cdipt	7	126975914	126980501
Mvp	7	126986860	127014621
Maz	7	127022130	127027037
Kif22	7	127027729	127042471
AI467606	7	127091359	127093986
Spn	7	127132232	127137823
Cd2bp2	7	127191660	127196050
Tbc1d10b	7	127197459	127208468
Sept1	7	127214447	127233130
Zfp553	7	127233061	127238179
Zfp771	7	127244274	127254803
Dctpp1	7	127256959	127260709
Sephs2	7	127271879	127274055
Itgal	7	127296260	127335138
Zfp768	7	127342795	127345589
9130019O22Rik	7	127382260	127387166
E430018J23Rik	7	127389673	127393629
Zfp764	7	127403668	127406822
Zfp688	7	127418967	127422068
Zfp689	7	127442136	127449158
Prr14	7	127459611	127476759
Fbrs	7	127479199	127491711
Srcap	7	127511983	127561219
Gm42715	7	127519584	127567054
Phkg2	7	127573340	127583307
Rnf40	7	127588767	127604799
Zfp629	7	127607031	127615797
Bcl7c	7	127661456	127708933
Ctf1	7	127712736	127718192
Fbxl19	7	127744543	127769483
Orai3	7	127769815	127775150
Setd1a	7	127776670	127800122
Stx4a	7	127824294	127849019
Zfp668	7	127863047	127876828
Zfp646	7	127876221	127885996
Vkorc1	7	127893063	127895617
Bckdk	7	127904082	127910221
Kat8	7	127912516	127925837
Prss36	7	127932638	127946725
Fus	7	127967457	127985701
Pycard	7	127989708	127993867
Itgam	7	128062640	128118491
Itgax	7	128129547	128150657
9130023H24Rik	7	128234458	128238031
Armc5	7	128237342	128245100
Tgfb1i1	7	128246812	128255699
BC017158	7	128271379	128298170
Rgs10	7	128373621	128418758
Tial1	7	128439777	128461717
Bag3	7	128523616	128546981
Inpp5f	7	128611328	128696425
Mcmbp	7	128696441	128740495
Sec23ip	7	128744943	128784836
Wdr11	7	129591863	129635738
Ate1	7	130391493	130520369
Nsmce4a	7	130532526	130573118
Tacc2	7	130577438	130764785
Plekha1	7	130865756	130913312
Htra1	7	130936111	130985660
Dmbt1	7	131032046	131121628
2310057M21Rik	7	131338220	131362759
Pstk	7	131371141	131394482
Ikzf5	7	131388652	131410521
Acadsb	7	131410601	131448944
Bub3	7	131560222	131571895
Chst15	7	132235780	132317228
Oat	7	132557478	132576398
Lhpp	7	132610638	132706420
Fam53b	7	132712082	132813886
Zranb1	7	132931142	132986391
Ctbp2	7	132987563	133124354
Edrf1	7	133637543	133672971
Uros	7	133686243	133710072
Bccip	7	133709333	133721145
Dhx32	7	133720942	133782726
Adam12	7	133883199	134232146
Dock1	7	134670654	135173639
Clrn3	7	135511466	135528654
Ptpre	7	135537481	135686293
Mki67	7	135689784	135716361
Mgmt	7	136894614	137130266
9430038I01Rik	7	137375574	137410762
Glrx3	7	137437614	137468594
Mapk1ip1	7	138835823	138846273
Ppp2r2d	7	138846079	138883057
Bnip3	7	138890836	138909519
Pwwp2b	7	139248482	139269903
Inpp5a	7	139389109	139579652
Adam8	7	139978932	139992562
Tubgcp2	7	139995955	140036669
Zfp511	7	140036391	140040602
Prap1	7	140093395	140097200
Fuom	7	140096770	140102441
Echs1	7	140105710	140116476
Paox	7	140115799	140137224
Mtg1	7	140137564	140150786
Urah	7	140835018	140837966
Bet1l	7	140853394	140857577
Ric8a	7	140856957	140864372
Sirt3	7	140863666	140882309
Psmd13	7	140881968	140898643
Nlrp6	7	140920902	140929192
Pgghg	7	140941391	140947664
Ifitm2	7	140954837	140955987
Ifitm1	7	140967221	140969825
Ifitm3	7	141009586	141010770
Ifitm6	7	141015699	141017924
Pkp3	7	141078218	141090510
Sigirr	7	141091175	141100572
Ano9	7	141101212	141117806
Ptdss2	7	141122382	141157606
Rnh1	7	141160326	141172857
Hras	7	141189105	141194005
Rassf7	7	141215860	141218658
Phrf1	7	141228784	141262750
Irf7	7	141262706	141266481
Cdhr5	7	141269083	141276786
Deaf1	7	141297180	141327690
Tmem80	7	141327739	141337156
Eps8l2	7	141338880	141363020
Taldo1	7	141392199	141402968
Slc25a22	7	141429744	141437892
Pidd1	7	141438113	141444025
Pnpla2	7	141455198	141460743
Cracr2b	7	141461094	141466613
Cd151	7	141467392	141471473
Tspan4	7	141475240	141493427
Chid1	7	141493136	141539857
Ap2a2	7	141562173	141633011
Muc5ac	7	141788972	141819231
Muc5b	7	141839070	141873084
Tollip	7	141874813	141918507
Mob2	7	142008535	142061065
Dusp8	7	142079490	142095843
Ifitm10	7	142325837	142373753
Ctsd	7	142375911	142388038
Syt8	7	142434850	142440396
Tnni2	7	142441808	142444410
Lsp1	7	142460809	142494867
Ascl2	7	142966829	142969264
Tspan32	7	143005046	143019644
Cd81	7	143052739	143067934
Tssc4	7	143069249	143071093
Kcnq1	7	143106362	143427042
Cdkn1c	7	143458339	143461050
Slc22a18	7	143473736	143499334
Phlda2	7	143501545	143503150
Nap1l4	7	143513579	143549106
Cars	7	143557230	143600090
Tnfrsf26	7	143607659	143628722
Tnfrsf22	7	143634806	143649661
Tnfrsf23	7	143665809	143685872
Osbpl5	7	143688762	143756985
Mrgpre	7	143778363	143784500
Nadsyn1	7	143795584	143822849
Dhcr7	7	143823145	143848410
Cttn	7	144435733	144471009
Ppfia1	7	144476758	144553729
Fadd	7	144577318	144582463
Ano1	7	144588549	144751974
Ccnd1	7	144929931	144939925
Tpcn2	7	145186524	145284011
Insr	8	3122061	3279617
Arhgef18	8	3393006	3456601
Pex11g	8	3457105	3467680
Zfp358	8	3493138	3497208
Mcoln1	8	3500457	3515232
Pnpla6	8	3515384	3544267
Camsap3	8	3587293	3609075
Xab2	8	3608421	3621316
Pet100	8	3621548	3625848
Stxbp2	8	3630955	3643644
Mcemp1	8	3665754	3669259
Trappc5	8	3676299	3681255
Fcer2a	8	3681737	3694175
Cd209f	8	4102787	4105835
Evi5l	8	4166567	4211257
Lrrc8e	8	4226827	4237470
Map2k7	8	4238740	4247897
Tgfbr3l	8	4248214	4251423
Snapc2	8	4253080	4256220
Ctxn1	8	4257660	4259274
Timm44	8	4259731	4275913
Elavl1	8	4285382	4325413
Ccl25	8	4325210	4360020
Cers4	8	4493026	4531680
Shcbp1	8	4735976	4779567
Efnb2	8	8617434	8661242
Arglu1	8	8665075	8690521
Lig4	8	9969049	9977686
Abhd13	8	9977707	9992155
Tnfsf13b	8	10006467	10039072
Irs2	8	10984681	11008458
Col4a1	8	11198423	11312826
Col4a2	8	11312805	11449287
Rab20	8	11453518	11478710
Naxd	8	11497506	11514960
Cars2	8	11513977	11550783
Ing1	8	11555571	11563251
Ankrd10	8	11611583	11635757
Arhgef7	8	11727721	11835219
Tubgcp3	8	12614277	12672248
Atp11a	8	12757014	12868728
Mcf2l	8	12873806	13020905
F7	8	13026034	13035809
F10	8	13037308	13056676
Pcid2	8	13077189	13105459
Cul4a	8	13105621	13147940
Lamp1	8	13159161	13175338
Grtp1	8	13172022	13200620
Dcun1d2	8	13255963	13288131
Tmco3	8	13288190	13322924
Tfdp1	8	13338751	13378448
Gas6	8	13465374	13494490
Rasa3	8	13566948	13677603
Cdc16	8	13757676	13781938
Upf3a	8	13785615	13799193
Champ1	8	13869641	13881639
Coprs	8	13884794	13890281
Fbxo25	8	13907803	13940522
Tdrp	8	13952008	13975032
Erich1	8	14027561	14090301
Cln8	8	14881335	14901720
Arhgef10	8	14911663	15001085
Kbtbd11	8	15011025	15033333
Mcph1	8	18595131	18803189
Angpt2	8	18690263	18741562
Agpat5	8	18846277	18891361
Atp7b	8	21992785	22060305
Alg11	8	22060721	22071627
Nek3	8	22128283	22166435
Ckap2	8	22168160	22185819
Vps36	8	22192809	22220843
Slc25a15	8	22375551	22398597
Smim19	8	22462614	22476882
Slc20a2	8	22476788	22569612
Vdac3	8	22577075	22593813
Polb	8	22628126	22653435
Ikbkb	8	22659212	22706589
Plat	8	22757727	22782844
Ap3m2	8	22787354	22805622
Kat6a	8	22859535	22943259
Ank1	8	22974844	23150497
Gpat4	8	23171265	23208346
Gins4	8	23226616	23237659
Golga7	8	23241346	23257074
Sfrp1	8	23411502	23449632
Ido1	8	24584136	24597009
Adam9	8	24949611	25016927
Tm2d2	8	25017211	25023260
Htra4	8	25024929	25038962
Plekha2	8	25039144	25102376
Tacc1	8	25154552	25256588
Fgfr1	8	25513654	25575718
Letm2	8	25578490	25597582
Nsd3	8	25601601	25719667
Plpp5	8	25720037	25724887
Ddhd2	8	25725346	25754596
Bag4	8	25764538	25785287
Lsm1	8	25785288	25803975
Ash2l	8	25815996	25847694
Kcnu1	8	25849623	25937939
Hgsnat	8	25944453	25976753
Pomk	8	25980604	25994133
Fnta	8	25998722	26015650
Hook3	8	26021421	26119224
Rnf170	8	26119368	26151790
Thap1	8	26158141	26164151
Zfp703	8	26977325	26981461
Erlin2	8	27023261	27040328
Adgra2	8	27085583	27123436
Brf2	8	27123364	27128680
Rab11fip1	8	27138773	27174646
Eif4ebp1	8	27260329	27276674
Rnf122	8	31111820	31131482
Tti2	8	31150315	31164702
Mak16	8	31159463	31168764
Fut10	8	31187331	31261738
Nrg1	8	31814551	32884254
Wrn	8	33234384	33385527
Purg	8	33386325	33417467
Ppp2cb	8	33599625	33619441
Ubxn8	8	33619586	33641967
Gsr	8	33652523	33698163
Gtf2e2	8	33731833	33777173
Rbpms	8	33782643	33929863
Dctn6	8	34090420	34108796
Gm10131	8	34111002	34111737
Leprotl1	8	34135572	34147033
Saraf	8	34154575	34170821
Dusp4	8	34807297	34819894
Tnks	8	34826460	34965690
Ppp1r3b	8	35375739	35388139
Eri1	8	35465253	35496196
Mfhas1	8	35587798	35679449
Cldn23	8	35824712	35826559
Prag1	8	36094828	36147787
Lonrf1	8	36216064	36249516
Tusc3	8	39005845	39165114
Msr1	8	39581685	39642673
Micu3	8	40307458	40386308
Zdhhc2	8	40423815	40510268
Cnot7	8	40492540	40515847
Vps37a	8	40511783	40550757
Mtmr7	8	40551095	40634797
Slc7a2	8	40862396	40922308
Mtus1	8	40990914	41133726
Pcm1	8	41239752	41332344
Asah1	8	41340197	41374773
Frg1	8	41397459	41417074
Fat1	8	44935447	45052257
Cyp4v3	8	45304944	45333216
Fam149a	8	45336717	45382291
Tlr3	8	45395665	45411080
Sorbs2	8	45507788	45827906
Ufsp2	8	45975528	45996958
Ankrd37	8	45996902	46005707
Snx25	8	46033261	46152159
Cfap97	8	46151771	46195590
Slc25a4	8	46206797	46211284
Acsl1	8	46471037	46536051
Cenpu	8	46552028	46580007
Primpol	8	46575594	46617212
Casp3	8	46617291	46639689
Irf2	8	46739732	46847458
Trappc11	8	47490115	47533470
Rwdd4a	8	47533664	47552955
Ing2	8	47667178	47675556
Cdkn2aip	8	47709344	47713932
Wwc2	8	47823959	47990924
Dctd	8	48099092	48153233
Aga	8	53511727	53523421
Neil3	8	53586867	53639065
Vegfc	8	54077606	54187096
Spcs3	8	54520433	54529998
Hpgd	8	56294585	56321043
Cep44	8	56531522	56551047
Fbxo8	8	56551090	56593939
Sap30	8	57482707	57487860
Hmgb2	8	57511907	57515999
Galnt7	8	57523828	57653032
Hpf1	8	60890418	60908671
Clcn3	8	60910389	60983300
Nek1	8	60993195	61131346
Sh3rf1	8	61223872	61396071
Cbr4	8	61487734	61506694
Palld	8	61511433	61902690
Ddx60	8	61928087	62038244
Anxa10	8	62057042	62123150
Cpe	8	64592542	64693054
Msmo1	8	64718139	64733792
Klhl2	8	64739675	64850017
Tmem192	8	64947185	64969033
March1	8	65617900	66471637
Tma16	8	66473118	66486530
Naf1	8	66860217	66890564
Nat2	8	67494858	67502584
Psd3	8	67689082	68212027
Sh2d4a	8	68276567	68347699
Csgalnact1	8	68356781	68735146
Ints10	8	68793929	68831667
Lpl	8	68880491	68907448
Slc18a1	8	69037711	69089235
Atp6v1b2	8	69088646	69113711
Zfp930	8	69209038	69230536
Zfp868	8	69610857	69625548
Zfp963	8	69741639	69749970
Zfp866	8	69761326	69791178
Atp13a1	8	69791163	69807749
Gmip	8	69808679	69821870
Lpar2	8	69822429	69831102
Ndufa13	8	69894180	69902558
Gatad2a	8	69907076	69996384
Mau2	8	70016123	70042734
Sugp1	8	70042813	70072347
Tm6sf2	8	70072924	70080066
Rfxank	8	70130794	70139154
Nr2c2ap	8	70131333	70133749
Borcs8	8	70139499	70147319
Tmem161a	8	70172356	70183681
Slc25a42	8	70184340	70212305
Armc6	8	70220172	70234466
Sugp2	8	70234226	70279915
Homer3	8	70282827	70294361
Ddx49	8	70292866	70302489
Cope	8	70302518	70312993
Upf1	8	70331525	70353278
Crtc1	8	70382355	70439579
Klhl26	8	70450219	70476968
Kxd1	8	70508272	70527956
Fkbp8	8	70527724	70535328
Ell	8	70539457	70592858
Isyna1	8	70594373	70597290
Ssbp4	8	70597490	70608872
Lrrc25	8	70616155	70621483
Gdf15	8	70629393	70632456
Pgpep1	8	70646435	70660388
Lsm4	8	70673248	70678752
Jund	8	70698949	70700616
Gm3336	8	70718543	70722634
Rab3a	8	70754679	70758677
Mpv17l2	8	70758649	70760946
Ifi30	8	70762774	70766663
Pik3r2	8	70768176	70776713
Mast3	8	70778117	70805054
Arrdc2	8	70835129	70839720
Ccdc124	8	70868227	70873935
Map1s	8	70905932	70917529
Haus8	8	71248561	71272934
Myo9b	8	71272714	71360713
Use1	8	71366848	71369732
Ocel1	8	71371298	71379361
Nr2f6	8	71374123	71381960
Babam1	8	71396861	71404619
Abhd8	8	71456705	71463655
Dda1	8	71469199	71476098
Ano8	8	71476019	71485963
Gtpbp3	8	71488103	71499583
Bst2	8	71534255	71537456
Mvb12a	8	71542922	71548085
Slc27a1	8	71568882	71587302
Pgls	8	71592176	71601092
Colgalt1	8	71610998	71624911
Unc13a	8	71624417	71671757
Jak3	8	71676296	71690575
B3gnt3	8	71690756	71701789
Fcho1	8	71708387	71725716
Zfp617	8	71908635	71934629
Zfp961	8	71951038	71993792
Cyp4f18	8	71988482	72009626
Tpm4	8	72130174	72153142
Rab8a	8	72161200	72183904
Hsh2d	8	72189638	72201527
Fam32a	8	72219730	72224418
Ap1m1	8	72240018	72257385
Klf2	8	72319033	72321656
Eps15l1	8	72340999	72421460
1700030K09Rik	8	72443880	72461001
Cherp	8	72460489	72475226
Slc35e1	8	72480641	72492614
Med26	8	72494561	72548270
Smim7	8	72565188	72571088
Tmem38a	8	72572055	72587282
Sin3b	8	72723285	72758201
Large1	8	72814599	73353540
Hmgxb4	8	74993356	75031978
Hmox1	8	75093621	75100589
Mcm5	8	75109569	75128439
Nr3c2	8	76899442	77245012
Arhgap10	8	77250366	77517953
Prmt9	8	77549397	77581338
Tmem184c	8	77595982	77610698
Rbmxl1	8	78505269	78508898
Slc10a7	8	78509346	78734003
Lsm6	8	78804865	78821140
Zfp827	8	79028437	79193766
Mmaa	8	79263598	79294937
Smad1	8	79338395	79399518
Otud4	8	79639618	79677724
Abce1	8	79683462	79711740
Anapc10	8	79711820	79779059
Gypa	8	80493781	80510542
Smarca5	8	80698507	80739497
Gab1	8	80764438	80880519
Usp38	8	80980733	81014928
Inpp4b	8	81342556	82127914
Il15	8	82331632	82403222
Zfp330	8	82763607	82774160
Tbc1d9	8	83165352	83272934
Elmod2	8	83312632	83332486
Scoc	8	83430084	83458391
Ndufb7	8	83566671	83571626
Tecr	8	83571698	83607971
Dnajb1	8	83608193	83612653
Gipc1	8	83652677	83664694
Pkn1	8	83666536	83699179
Ddx39	8	83715177	83726892
Adgre5	8	83723251	83741326
Adgrl1	8	83900105	83941954
Asf1b	8	83955507	83970197
Prkaca	8	83972993	83996443
Samd1	8	83997672	84000409
Rfx1	8	84066834	84096992
Dcaf15	8	84097072	84104768
Cc2d1a	8	84132828	84147936
4930432K21Rik	8	84148025	84172590
Zswim4	8	84210678	84237055
D8Ertd738e	8	84246238	84249719
Mri1	8	84249906	84257326
Ccdc130	8	84257795	84270380
Cacna1a	8	84338639	84640246
Ier2	8	84661331	84662854
Nacc1	8	84670479	84687902
Trmt1	8	84686307	84699808
Nfix	8	84699876	84800344
Lyl1	8	84701449	84704940
G430095P16Rik	8	84723007	84726844
Gadd45gip1	8	84831522	84835482
Rad23a	8	84834019	84840665
Calr	8	84841850	84846934
Farsa	8	84856989	84869257
Syce2	8	84872111	84888221
Gcdh	8	84886393	84893921
Klf1	8	84901928	84905291
Dnase2a	8	84908560	84922915
Rnaseh2a	8	84956610	84969767
Prdx2	8	84969587	84974834
Junb	8	84974484	84978718
Hook2	8	84990603	85003349
Asna1	8	85017931	85025281
Tnpo2	8	85036915	85057583
Fbxw9	8	85060055	85067124
Dhps	8	85071757	85075162
Wdr83	8	85075035	85081306
Wdr83os	8	85080740	85082339
Man2b1	8	85083270	85098282
Zfp791	8	85108553	85123095
Vps35	8	85260392	85299802
Orc6	8	85299632	85308278
Mylk3	8	85324303	85386345
4921524J17Rik	8	85408759	85432833
Gpt2	8	85492576	85527560
Dnaja2	8	85537633	85555344
Neto2	8	85636588	85700924
Itfg1	8	85717578	85840921
Phkb	8	85840959	86061376
Lonp2	8	86624043	86723873
Siah1a	8	86724007	86745934
N4bp1	8	86808160	86885258
Cbln1	8	87468405	87472609
Cnep1r1	8	88118769	88135110
Heatr3	8	88137855	88172027
Adcy7	8	88272403	88329962
Brd7	8	88331039	88362194
Snx20	8	88626563	88636128
Nod2	8	88647315	88688474
Cyld	8	88697028	88751945
Sall1	8	89027235	89044162
Chd9	8	90828352	91054516
Rbl2	8	91070057	91123844
Aktip	8	91111784	91199976
Rpgrip1l	8	91217030	91313262
Fto	8	91313525	91668439
Irx3	8	91798525	91802067
Irx5	8	92357625	92376286
Mmp2	8	92827291	92853420
Lpcat2	8	92855339	92919279
Amfr	8	93971588	94012842
Nudt21	8	94015496	94037031
Ogfod1	8	94037198	94067921
Bbs2	8	94067954	94098928
Mt2	8	94172664	94173568
Mt1	8	94179082	94180327
Nup93	8	94214564	94317227
Slc12a3	8	94329201	94366214
Herpud1	8	94386438	94395377
Nlrc5	8	94434356	94527272
Cpne2	8	94532990	94570531
Fam192a	8	94574138	94601997
Rspry1	8	94601937	94660275
Arl2bp	8	94666600	94674425
Pllp	8	94674894	94696278
Cx3cl1	8	94772009	94782427
Ccl17	8	94810453	94812036
Ciapin1	8	94819804	94838358
Coq9	8	94838321	94854895
Polr2c	8	94857450	94873535
Dok4	8	94863828	94876330
Ccdc102a	8	94902869	94918098
Adgrg5	8	94923694	94943280
Adgrg1	8	94974751	95014217
Adgrg3	8	95017692	95045250
Katnb1	8	95081186	95103149
Kifc3	8	95099828	95202812
Zfp319	8	95323011	95331950
Usb1	8	95332284	95347507
Mmp15	8	95352268	95375080
Cfap20	8	95420249	95434869
Csnk2a2	8	95446096	95490039
Gins3	8	95633453	95645060
Ndrg4	8	95676980	95715119
Setd6	8	95715881	95719010
Cnot1	8	95719451	95807464
Sap18b	8	95825346	95826134
Slc38a7	8	95835920	95853539
Got2	8	95864134	95888547
Cdh11	8	102632095	102785642
Tk2	8	104226685	104248558
Cklf	8	104250861	104264938
Cmtm3	8	104339410	104347672
Cmtm4	8	104348191	104395807
Dync1li2	8	104417680	104443047
Nae1	8	104511028	104534637
Pdp2	8	104591451	104599026
Rrad	8	104628070	104631327
Ces2e	8	104926260	104934672
Ces2g	8	104961718	104969537
Cbfb	8	105170674	105217989
D230025D16Rik	8	105225145	105253053
Tradd	8	105258286	105264609
Fbxl8	8	105264648	105269326
4931428F04Rik	8	105280409	105289864
E2f4	8	105297663	105305370
Elmo3	8	105305601	105310760
Lrrc29	8	105312265	105326278
Tmem208	8	105326354	105335219
Fhod1	8	105329163	105347953
Slc9a5	8	105348843	105369881
Tppp3	8	105467493	105471526
Hsd11b2	8	105518755	105523988
Atp6v0d1	8	105524465	105566047
Ctcf	8	105636568	105682922
Acd	8	105695860	105701102
Pard6a	8	105701148	105703496
Enkd1	8	105703651	105708210
Gfod2	8	105713854	105758664
Ranbp10	8	105768308	105827350
Cenpt	8	105844673	105853278
Thap11	8	105855132	105856950
Edc4	8	105880881	105894908
Pskh1	8	105900441	105931778
Psmb10	8	105935735	105938444
Slc12a4	8	105943590	105966097
Dpep2	8	105984945	105996423
Dus2	8	105991337	106053840
Ddx28	8	106009621	106011882
Nfatc3	8	106058840	106130537
Esrp2	8	106130319	106136974
Pla2g15	8	106150399	106164715
Slc7a6	8	106168857	106198706
Slc7a6os	8	106200717	106210935
Prmt7	8	106210936	106252794
Smpd3	8	106252548	106337988
Zfp90	8	106415327	106426598
Cdh3	8	106510891	106557297
Gm10073	8	106573009	106573350
Cdh1	8	106603351	106670246
Tango6	8	106683068	106851439
Has3	8	106870242	106884566
Chtf8	8	106883890	106893593
Utp4	8	106893636	106923088
Sntb2	8	106935750	107019714
Vps4a	8	107031222	107045755
Cog8	8	107046289	107056689
Nip7	8	107056877	107060931
Terf2	8	107069400	107096547
Cyb5b	8	107150640	107187471
Nfat5	8	107293470	107379517
Nqo1	8	107388225	107403206
Nob1	8	107412486	107425051
Wwp2	8	107436365	107558595
Psmd7	8	107580381	107588464
Zfhx3	8	107942644	108961630
Dhx38	8	109548011	109565861
Txnl4b	8	109565892	109574051
Hp	8	109575128	109579172
Dhodh	8	109591343	109608673
Ist1	8	109671325	109693260
Zfp821	8	109705546	109724932
Atxn1l	8	109726451	109737739
Ap1g1	8	109778554	109864204
Phlpp2	8	109868542	109944671
Marveld3	8	109947914	109962203
Chst4	8	110029153	110039740
Cmtr2	8	110215665	110224486
Vac14	8	110618585	110720398
Il34	8	110741829	110805924
Sf3b3	8	110810239	110846787
Cog4	8	110846600	110882227
Fuk	8	110882456	110902488
St3gal2	8	110919922	110972480
Ddx19a	8	110974996	110997800
Ddx19b	8	111003188	111031751
Aars	8	111033144	111057664
Pdpr	8	111094630	111137074
Glg1	8	111154421	111259216
Rfwd3	8	111270944	111300222
Mlkl	8	111311797	111338177
Wdr59	8	111448797	111522092
Znrf1	8	111536097	111626030
Ldhd	8	111623785	111630374
Zfp1	8	111643401	111671011
Ctrb1	8	111686519	111691010
Bcar1	8	111710474	111743809
Cfdp1	8	111768491	111854291
Tmem170	8	111863038	111876750
Tmem231	8	111912011	111933881
Gabarapl2	8	111940703	111953612
Adat1	8	111966908	111992302
Kars	8	111993443	112011323
Terf2ip	8	112011398	112020528
Mon1b	8	113635587	113645179
Nudt7	8	114133557	114154739
Wwox	8	114439655	115352708
Maf	8	115682942	115707794
Cdyl2	8	116574400	116732991
Cmc2	8	116888685	116921455
Cenpn	8	116921730	116941507
Atmin	8	116943393	116960445
Gcsh	8	116981810	116993537
Gan	8	117158135	117215997
Cmip	8	117257064	117459430
Plcg2	8	117498291	117635142
Hsd17b2	8	117701904	117759027
Mphosph6	8	117791645	117801943
Cdh13	8	118283733	119324921
Hsbp1	8	119344488	119348922
Mlycd	8	119394878	119411102
Osgin1	8	119434124	119446256
Mbtps1	8	119508156	119558735
Hsdl1	8	119561989	119575183
Taf1c	8	119597871	119605222
Wfdc1	8	119666365	119688222
Atp2c2	8	119700009	119757717
Cotl1	8	119809222	119840544
Klhl36	8	119862266	119876995
Usp10	8	119910360	119957560
Crispld2	8	119992438	120052793
Zdhhc7	8	120080890	120101482
6430548M08Rik	8	120114152	120165306
Gse1	8	120228456	120581390
Gins2	8	120578633	120589304
1190005I06Rik	8	120608602	120647632
Emc8	8	120653914	120668573
Cox4i1	8	120668222	120674207
Irf8	8	120736358	120756694
Mthfsd	8	121091628	121108392
Fbxo31	8	121549440	121578806
Map1lc3b	8	121590361	121598760
Zcchc14	8	121598703	121652901
Klhdc4	8	121796313	121829569
Slc7a5	8	121881150	121907694
Banp	8	121949750	122029258
Zfpm1	8	122282141	122337251
Zc3h18	8	122376609	122417360
Cyba	8	122424776	122432930
Mvd	8	122433601	122443422
Rnf166	8	122466147	122476064
Ctu2	8	122476143	122484138
Piezo1	8	122481698	122551329
Cdt1	8	122568015	122573554
Aprt	8	122574635	122576909
Galns	8	122578242	122611463
Trappc2l	8	122611640	122616660
Cbfa2t3	8	122625141	122699109
Acsf3	8	122775486	122817880
Ankrd11	8	122883822	123042277
Spg7	8	123062942	123097760
Dpep1	8	123186242	123201812
Chmp1a	8	123204264	123212763
Cdk10	8	123224842	123232250
Spata2l	8	123229801	123236233
Vps9d1	8	123242356	123254348
Zfp276	8	123254195	123269745
Fanca	8	123268300	123318576
Spire2	8	123332713	123369515
Tcf25	8	123373753	123403835
Tubb3	8	123411424	123422015
Def8	8	123423527	123463270
Afg3l1	8	123477903	123503916
Gas8	8	123518834	123536650
Rhou	8	123653929	123663884
Rab4a	8	123805985	123835287
Ccsap	8	123840831	123860209
Nup133	8	123897123	123949265
Abcb10	8	123952459	123983122
Taf5l	8	123996318	124021397
Urb2	8	124021508	124048505
Cog2	8	124520767	124552008
Agt	8	124556534	124569706
2310022B05Rik	8	124635756	124663369
Ttc13	8	124671332	124721983
Arv1	8	124722139	124734123
2810004N23Rik	8	124836945	124863120
Gnpat	8	124863033	124890057
Exoc8	8	124893108	124897705
Sprtn	8	124897886	124906161
Egln1	8	124908587	124949324
Tsnax	8	125012997	125034192
Sipa1l2	8	125418063	125569808
Ntpcr	8	125729963	125748235
Kcnk1	8	125995170	126030685
Coa6	8	126422515	126425433
Tarbp1	8	126425329	126475065
Irf2bp2	8	126588296	126593986
Tomm20	8	126930667	126945844
Rbm34	8	126947172	126971071
Pard3	8	127063893	127612286
Nrp1	8	128358604	128503363
Itgb1	8	128685654	128733200
2610044O15Rik8	8	129216354	129234406
Alkbh8	9	3335140	3391154
Cwf19l2	9	3403592	3479236
Aasdhppt	9	4294793	4309471
Kbtbd3	9	4309833	4331732
Msantd4	9	4376562	4386870
Casp1	9	5298508	5307290
Casp4	9	5308828	5336783
Casp12	9	5345430	5373032
Pdgfd	9	6168584	6378850
Dync2h1	9	6928503	7184446
Dcun1d5	9	7184520	7208205
Mmp13	9	7272514	7283331
Mmp12	9	7344381	7369499
Mmp3	9	7445822	7455975
Mmp8	9	7558456	7568485
Tmem123	9	7764041	7794333
Birc2	9	7818227	7837064
Birc3	9	7848699	7873186
Yap1	9	7931999	8004596
Arhgap42	9	8994329	9239101
Jrkl	9	13242607	13245829
Ccdc82	9	13246955	13292520
Maml2	9	13297957	13709388
Mtmr2	9	13748410	13806481
Cep57	9	13807792	13827107
Fam76b	9	13827716	13854987
Sesn3	9	14275067	14333101
Endod1	9	14353990	14381507
Cwc15	9	14500617	14510577
Amotl1	9	14541966	14645056
Fut4	9	14748320	14752393
Ankrd49	9	14779618	14784856
Mre11a	9	14784654	14837123
Izumo1r	9	14885814	14903949
Panx1	9	15002128	15045478
Vstm5	9	15239045	15259416
Med17	9	15260351	15279931
4931406C07Rik	9	15283337	15306448
Taf1d	9	15306214	15316991
Cep295	9	15316915	15357788
Smco4	9	15493432	15545260
Slc36a4	9	15709738	15743361
Chordc1	9	18292125	18317442
Zfp317	9	19622102	19649731
Zfp560	9	20345136	20385177
Zfp26	9	20428449	20460162
Zfp426	9	20468549	20492746
Zfp266	9	20495068	20521417
Zfp846	9	20581291	20605409
Fbxl12	9	20618118	20644767
Ubl5	9	20642878	20647140
Pin1	9	20652095	20666584
Col5a3	9	20770050	20815067
Ppan	9	20888175	20892178
Eif3g	9	20894349	20898623
Dnmt1	9	20907209	20959888
S1pr2	9	20962361	20976781
Icam1	9	21015985	21028817
Icam4	9	21029373	21030595
Tyk2	9	21104068	21131243
Cdc37	9	21133222	21149982
Pde4a	9	21165714	21213248
Keap1	9	21229730	21239361
Atg4d	9	21265293	21277772
Kri1	9	21273457	21287969
Cdkn2d	9	21288410	21291407
Slc44a2	9	21320698	21355028
Ilf3	9	21367871	21405361
Qtrt1	9	21411837	21420274
Dnm2	9	21424908	21507759
Tmed1	9	21507553	21510252
AB124611	9	21526176	21545333
Carm1	9	21546894	21592623
Yipf2	9	21588682	21592828
Timm29	9	21592722	21595970
Smarca4	9	21616169	21704230
Ldlr	9	21723483	21749919
Spc24	9	21755442	21760303
Kank2	9	21766784	21798744
Rab3d	9	21907491	21918192
Tmem205	9	21921008	21927556
Plppr2	9	21937033	21948907
Swsap1	9	21955755	21958264
Epor	9	21958897	21963506
Rgl3	9	21968711	21989446
Prkcsh	9	22002806	22014222
Zfp653	9	22055411	22071376
Ecsit	9	22072246	22085438
Elof1	9	22112989	22117172
Acp5	9	22126727	22135711
Pigyl	9	22156846	22158358
Zfp809	9	22225714	22243354
Zfp599	9	22247430	22259895
Zfp810	9	22276748	22307648
Anln	9	22332012	22389188
Rp9	9	22411047	22469743
Bbs9	9	22475715	22888280
Bmper	9	23223076	23485200
Dpy19l1	9	24411776	24503140
Herpud2	9	25108132	25151820
Sept7	9	25252439	25308571
Eepd1	9	25481547	25604110
Acad8	9	26974135	26999566
Thyn1	9	26999710	27007336
Vps26b	9	27007771	27030065
Ncapd3	9	27030175	27095315
Snx19	9	30427108	30466733
Adamts15	9	30899155	30922452
Zbtb44	9	31030644	31075885
St14	9	31089402	31131853
Aplp2	9	31149557	31211815
Prdm10	9	31280538	31381723
Nfrkb	9	31386192	31421333
Tmem45b	9	31426196	31464462
Barx2	9	31846044	31913462
Arhgap32	9	32116136	32268446
Fli1	9	32422204	32542861
Ets1	9	32636221	32757820
St3gal4	9	35046576	35119268
Dcps	9	35124408	35176061
Tirap	9	35184551	35200291
Srpr	9	35200175	35247973
Foxred1	9	35204206	35211055
Fam118b	9	35216965	35267805
Rpusd4	9	35267865	35277731
Cdon	9	35421128	35507652
Pus3	9	35558595	35567401
Pate4	9	35607093	35611941
Chek1	9	36708482	36727065
Stt3a	9	36729344	36767679
Ei24	9	36779159	36797393
Tmem218	9	37208223	37224700
Slc37a2	9	37227585	37255738
Ccdc15	9	37275835	37348432
Msantd2	9	37489319	37524625
Esam	9	37528078	37538319
Nrgn	9	37544492	37552904
Siae	9	37555698	37649655
Tbrg1	9	37648763	37657312
Vwa5a	9	38718268	38743337
Zfp202	9	40192316	40213604
Gramd1b	9	40293233	40531383
Clmp	9	40685962	40785319
Hspa8	9	40800984	40810087
Ubash3b	9	41011098	41161697
Sorl1	9	41964720	42124297
Sc5d	9	42251595	42264256
Tbcel	9	42412316	42507809
Grik4	9	42518135	42944493
Arhgef12	9	42963842	43107239
Oaf	9	43221235	43239911
Nectin1	9	43743984	43807461
Thy1	9	44043384	44048579
Usp2	9	44067021	44095627
Rnf26	9	44095631	44113517
Cbl	9	44142976	44234049
Nlrx1	9	44252717	44268599
Abcg4	9	44273188	44288615
Hinfp	9	44292440	44305671
C2cd2l	9	44309237	44320285
Dpagt1	9	44326019	44333900
H2afx	9	44334694	44336077
Hmbs	9	44336339	44344228
Vps11	9	44347749	44361670
Hyou1	9	44379490	44392369
Slc37a4	9	44396852	44402968
Trappc4	9	44403698	44407600
Ccdc84	9	44410159	44418569
Bcl9l	9	44482825	44511896
Cxcr5	9	44511787	44561877
Ddx6	9	44604892	44640731
Phldb1	9	44686304	44735198
Arcn1	9	44741564	44767845
Ift46	9	44767908	44793447
Ttc36	9	44799397	44803072
Kmt2a	9	44803355	44881296
Atp5l	9	44912557	44920742
Ube4a	9	44923127	44965600
Cd3g	9	44969572	44980431
Cd3d	9	44981786	44987339
Cd3e	9	44998740	45009627
Mpzl2	9	45039799	45054015
Mpzl3	9	45055186	45077436
Jaml	9	45079183	45108534
Tmprss4	9	45172726	45204092
Il10ra	9	45253837	45269149
Cep164	9	45766946	45828691
Bace1	9	45838580	45864399
Rnf214	9	45863425	45906911
Pcsk7	9	45906497	45929726
Sidt2	9	45937857	45955258
Pafah1b2	9	45962859	46012690
Sik3	9	46012820	46224194
Apoa1	9	46228580	46230466
Zpr1	9	46273064	46282643
Bud13	9	46283008	46299110
Cadm1	9	47530173	47857637
Nxpe4	9	48162023	48400025
Nxpe2	9	48318006	48353454
Rexo2	9	48468512	48480623
Rbm7	9	48488701	48495299
Gm5617	9	48495442	48495972
Usp28	9	48985375	49042517
Zw10	9	49055613	49078775
Ncam1	9	49502136	49798925
Plet1	9	50494525	50505482
Pts	9	50521617	50528724
Bco2	9	50533087	50555181
Il18	9	50554827	50581840
Sdhd	9	50596357	50603812
Timm8b	9	50603910	50605320
Dlat	9	50634633	50659780
2310030G06Rik	9	50739691	50746536
Cryab	9	50751325	50756636
1110032A03Rik	9	50762828	50775520
Fdxacb1	9	50768236	50773348
Alg9	9	50775019	50843542
Ppp2r1b	9	50845301	50894229
Sik2	9	50892801	51009073
Layn	9	51054640	51077094
Pou2af1	9	51213708	51240080
Arhgap20	9	51765337	51853856
Fdx1	9	51943306	51963556
Rdx	9	52047173	52088735
Zc3h12c	9	52111344	52168572
Ddx10	9	53098635	53248053
Kdelc2	9	53384025	53401867
Atm	9	53439149	53536740
Npat	9	53537047	53574342
Acat1	9	53580522	53610382
Cul5	9	53614582	53670014
Dmxl2	9	54365158	54501626
Cib2	9	54544794	54560218
Idh3a	9	54586334	54604661
Acsbg1	9	54604877	54661870
Dnaja4	9	54698873	54716315
Wdr61	9	54714735	54734519
Ireb2	9	54863789	54912530
Psma4	9	54950790	54958030
Ube2q2	9	55148854	55207529
Fbxo22	9	55208925	55224433
Nrg4	9	55220222	55326844
Etfa	9	55454508	55512243
Scaper	9	55549879	55938119
Rcn2	9	56041845	56061882
Pstpip1	9	56089962	56128888
Tspan3	9	56131725	56165477
Peak1	9	56201126	56418067
Hmg20a	9	56418609	56496936
Snx33	9	56917193	56928371
Imp3	9	56937475	56938398
Snupn	9	56950878	56983206
Ptpn9	9	56994923	57062807
Sin3a	9	57072040	57128366
Man2c1	9	57130690	57142722
Neil1	9	57142800	57148305
Commd4	9	57155035	57158331
1700017B05Rik	9	57253117	57262612
Ppcdc	9	57385095	57440124
Scamp5	9	57441327	57468060
Cox5a	9	57521274	57532426
Fam219b	9	57537528	57543184
Mpi	9	57544256	57552763
Scamp2	9	57560943	57588795
Ulk3	9	57589452	57596233
Csk	9	57626646	57653631
Edc3	9	57708540	57752499
Clk3	9	57750624	57765860
Arid3b	9	57790353	57836793
Ubl7	9	57910979	57929968
Sema7a	9	57940112	57962865
Stra6	9	58063788	58153996
Islr	9	58156268	58204306
Pml	9	58218076	58249786
Stoml1	9	58253164	58262520
Loxl1	9	58287738	58313186
Cd276	9	58524298	58555437
Nptn	9	58582240	58657955
Rec114	9	58652850	58743964
Neo1	9	58874687	59036441
Adpgk	9	59291558	59324052
Arih1	9	59388258	59486618
Hexa	9	59539540	59565109
Parp6	9	59617284	59650285
Pkm	9	59656368	59679375
Senp8	9	59734259	59750710
Myo9a	9	59750896	59928866
Thsd4	9	59966931	60522046
Lrrc49	9	60568859	60688158
Uaca	9	60794542	60880370
Tle3	9	61372366	61418497
Kif23	9	61915905	61946774
Paqr5	9	61953481	62026856
Glce	9	62057248	62122655
Anp32a	9	62341293	62378812
Itga11	9	62677826	62783982
Fem1b	9	62791821	62811934
Cln6	9	62838785	62852006
Calml4	9	62858080	62875921
Pias1	9	62878368	62987924
Map2k5	9	63163768	63377902
2300009A05Rik	9	63394447	63399246
Aagab	9	63602660	63644588
Smad3	9	63646767	63757994
Smad6	9	63953076	64022059
Zwilch	9	64137144	64173104
Snapc5	9	64179274	64183132
Map2k1	9	64185770	64253631
Tipin	9	64281581	64305424
Dis3l	9	64306756	64341288
Rab11a	9	64715299	64737758
Dennd4a	9	64811340	64919667
Ints14	9	64960905	64986978
Hacd3	9	64986983	65021693
Dpp8	9	65032414	65082651
Igdcc4	9	65101486	65137940
Parp16	9	65195353	65239224
Cilp	9	65265180	65280605
Clpx	9	65294260	65330658
Pdcd7	9	65346104	65359643
Mtfmt	9	65435782	65453054
Spg21	9	65460947	65488470
Plekho2	9	65552698	65580040
Pif1	9	65587160	65595967
Rbpms2	9	65629648	65660528
Oaz2	9	65668001	65690300
Zfp609	9	65692391	65827564
Trip4	9	65828930	65908794
Pclaf	9	65890237	65903266
Csnk1g1	9	65908924	66045015
Ppib	9	66060222	66066623
Snx1	9	66088133	66126587
Dapk2	9	66158223	66272242
Herc1	9	66350450	66508775
Usp3	9	66514637	66593142
Car12	9	66713686	66766845
Aph1b	9	66775202	66795490
Aph1c	9	66814994	66834726
Rab8b	9	66843664	66919687
Lactb	9	66955388	66975484
Tpm1	9	67022590	67049406
Tln2	9	67217087	67559703
Vps13c	9	67840396	67995638
Rora	9	68653786	69388246
Ice2	9	69397906	69433122
Anxa2	9	69453620	69491795
Bnip2	9	69989466	70008317
Gtf2a2	9	70012550	70022866
Gcnt3	9	70031496	70038088
Myo1e	9	70207350	70399766
Ccnb2	9	70407692	70421547
Rnf111	9	70425424	70503725
Sltm	9	70542754	70592234
Adam10	9	70678997	70780229
Aqp9	9	71110659	71168682
Aldh1a2	9	71215789	71296243
Polr2m	9	71478437	71485935
Myzap	9	71504347	71592360
Cgnl1	9	71626509	71771602
Tcf12	9	71842688	72111871
Zfp280d	9	72274860	72363777
Mns1	9	72438011	72462025
Tex9	9	72450394	72492212
Rfx7	9	72532240	72622937
Nedd4	9	72662346	72749852
Ccpg1	9	72985429	73016340
Pigb	9	73007419	73040378
Rab27a	9	73044854	73097629
Rsl24d1	9	73113426	73123333
Wdr72	9	74110356	74283308
Fam214a	9	74952884	75032468
Myo5a	9	75071015	75223688
Myo5c	9	75232020	75305451
Gnb5	9	75306288	75345876
Mapk6	9	75369062	75410005
Leo1	9	75441524	75466432
Tmod3	9	75497707	75559657
Lysmd2	9	75625741	75637771
Hmgcll1	9	76014855	76136350
Lrrc1	9	77430823	77544870
Gclc	9	77754535	77794485
Elovl5	9	77917364	77984519
Fbxo9	9	78081499	78109065
Ick	9	78109192	78172107
Gsta4	9	78182774	78209349
Mto1	9	78448208	78475348
Eef1a1	9	78478449	78489151
Slc17a5	9	78536488	78588041
Col12a1	9	79598991	79718831
Cox7a2	9	79755361	79759878
Tmem30a	9	79768943	79793507
Senp6	9	80066903	80144953
Myo6	9	80165031	80311729
Htr1b	9	81628291	81633828
Irak1bp1	9	82829540	82847687
Phip	9	82866159	82975516
Hmgn3	9	83109948	83146685
Sh3bgrl2	9	83548327	83638801
Ttk	9	83834689	83872389
Bckdhb	9	83925145	84124240
Ibtk	9	85687360	85749334
Tpbg	9	85842380	85847040
Ube2cbp	9	86307306	86464950
Pgm3	9	86554377	86571842
Me1	9	86581371	86695953
Cyb5r4	9	87022014	87077774
Cep162	9	87189577	87255536
Nt5e	9	88327197	88372092
Snx14	9	88376750	88438958
Syncrip	9	88447009	88482574
Zfp949	9	88548020	88571061
Mthfsl	9	88688602	88720296
Bcl2a1a	9	88956900	88962419
Bcl2a1b	9	89199209	89207827
Mthfs	9	89210676	89377713
Tmed3	9	89699206	89705068
Ctsh	9	90054152	90076089
Morf4l1	9	90091665	90114774
Tbc1d2b	9	90202027	90270804
Plscr1	9	92249750	92272278
Plscr2	9	92275602	92297752
Plscr4	9	92457373	92492456
Plod2	9	92542223	92608428
Slc9a9	9	94669909	95230445
U2surp	9	95456898	95511996
Paqr9	9	95559657	95568023
Pcolce2	9	95637601	95698096
Trpc1	9	95705082	95750375
Pls1	9	95752642	95845311
Atr	9	95857597	95951781
Xrn1	9	95954760	96057803
Gk5	9	96119362	96184608
Tfdp2	9	96196275	96323646
Atp1b3	9	96332655	96364442
Rnf7	9	96470937	96478675
Rasa2	9	96539300	96631617
Zbtb38	9	96682770	96752831
Pxylp1	9	96823336	96892669
Slc25a36	9	97074961	97111157
Nmnat3	9	98287435	98420438
Rbp1	9	98422961	98446575
Rbp2	9	98486115	98509781
Copb2	9	98563721	98588382
Faim	9	98986373	99002021
Pik3cb	9	99036654	99140621
Cep70	9	99243367	99300404
Mras	9	99385420	99437381
Armc8	9	99478372	99568899
Dbr1	9	99575799	99584501
Dzip1l	9	99629496	99669256
Nck1	9	100492293	100546134
Stag1	9	100597798	100959375
Pccb	9	100982032	101034898
Msl2	9	101074101	101104800
Ppp2r3a	9	101105084	101251795
Cep63	9	102584588	102626534
Anapc13	9	102626296	102634425
Amotl2	9	102716672	102733418
Ryk	9	102834917	102908305
Slco2a1	9	102988712	103096002
Rab6b	9	103111787	103185276
Srprb	9	103188032	103202137
Trf	9	103204001	103230444
1300017J02Rik	9	103250521	103305082
Topbp1	9	103305215	103350428
Cdv3	9	103353094	103365840
Tmem108	9	103482947	103761837
Nphp3	9	104002544	104043818
Uba5	9	104046599	104063134
Acad11	9	104063377	104127725
Dnajc13	9	104151282	104262930
Acpp	9	104288251	104337748
Nudt16	9	105128903	105131824
Aste1	9	105395392	105412229
Atp2c1	9	105403539	105527319
Pik3r4	9	105642978	105687657
Wdr82	9	106170928	106191139
Ppm1m	9	106194947	106199746
Twf2	9	106203108	106215389
Alas1	9	106233455	106248654
Poc1a	9	106281061	106350521
Dusp7	9	106368632	106375724
Acy1	9	106432981	106438319
Abhd14a	9	106440051	106447678
Abhd14b	9	106447459	106452923
Pcbp4	9	106453291	106464012
Parp3	9	106470322	106476949
Rrp9	9	106475963	106485424
Tex264	9	106658746	106685927
Rad54l2	9	106688082	106789194
Manf	9	106838312	106891979
Rbm15b	9	106880918	106887428
Mapkapk3	9	107254927	107289877
Cish	9	107296026	107302784
Hemk1	9	107327084	107338350
Tmem115	9	107533945	107538673
Cyb561d2	9	107539007	107542193
Nprl2	9	107542226	107545706
Rassf1	9	107551555	107562267
Tusc2	9	107563255	107566112
Hyal2	9	107567945	107572779
Hyal1	9	107576927	107581710
Ifrd2	9	107587642	107593385
Sema3b	9	107597674	107609229
Gnai2	9	107614125	107635367
Sema3f	9	107681500	107710475
Rbm5	9	107740371	107770996
Rbm6	9	107773559	107873237
Mon1a	9	107888151	107903139
Mst1r	9	107906873	107920383
Traip	9	107950136	107972270
Uba7	9	107975505	107984060
Ip6k1	9	108002501	108048782
Gmppb	9	108049242	108052801
Rnf123	9	108051534	108083346
Apeh	9	108085413	108094606
Dag1	9	108204634	108263958
Nicn1	9	108290429	108296498
Tcta	9	108302958	108306160
Rhoa	9	108306129	108337934
Gpx1	9	108338903	108340343
Usp4	9	108347853	108392545
Klhdc8b	9	108447636	108461581
Ccdc71	9	108460527	108465938
Lamb2	9	108479736	108490530
Usp19	9	108490602	108502337
Qars	9	108507706	108515941
Qrich1	9	108516806	108560163
Ndufaf3	9	108565537	108567434
Dalrd3	9	108569886	108572774
Wdr6	9	108572311	108578739
Arih2	9	108602942	108649386
Slc25a20	9	108662088	108684641
Prkar2a	9	108689314	108750436
Ip6k2	9	108783796	108806337
Nckipsd	9	108808368	108818844
Uqcrc1	9	108936633	108949623
Col7a1	9	108953586	108984875
Pfkfb4	9	108991778	109032228
Shisa5	9	109038565	109057777
Ccdc51	9	109082493	109092489
Plxnb1	9	109095389	109119917
Nme6	9	109832749	109843116
Camp	9	109847379	109849617
Cdc25a	9	109875579	109893895
Map4	9	109931460	110083955
Dhx30	9	110084320	110117830
Smarcc1	9	110117708	110240178
Elp6	9	110305173	110322102
Scap	9	110333288	110384950
Ptpn23	9	110385082	110408213
Ngp	9	110419747	110423012
Klhl18	9	110425926	110476694
Setd2	9	110532597	110618633
Nradd	9	110621135	110624452
Nbeal2	9	110624789	110654161
Ccdc12	9	110656503	110711606
Prss50	9	110857967	110864629
Tmie	9	110865711	110880113
Als2cl	9	110879870	110900530
Ltf	9	111019271	111042767
Ccrl2	9	111054486	111057519
Lrrfip2	9	111117592	111225668
Mlh1	9	111228228	111271791
Epm2aip1	9	111271929	111279093
Stac	9	111561437	111690348
Pdcd6ip	9	113651744	113708259
Clasp2	9	113741473	113919682
Ubp1	9	113930934	113977202
Crtap	9	114375134	114390675
Glb1	9	114401076	114474898
Tmppe	9	114401105	114407276
Trim71	9	114507133	114564369
Cnot10	9	114585878	114640184
Dync1li1	9	114688790	114724302
Cmtm6	9	114731116	114749344
Cmtm7	9	114756836	114781856
Cmtm8	9	114789345	114844156
Gpd1l	9	114899341	114933987
Stt3b	9	115242581	115310421
Tgfbr2	9	116084293	116175360
Rbms3	9	116572746	117629913
Azi2	9	118040499	118069794
Cmc1	9	118064522	118150177
Eomes	9	118478212	118486132
Golga4	9	118506267	118582519
Itga9	9	118606690	118901003
Ctdspl	9	118926453	119043998
Vill	9	119052778	119071525
Oxsr1	9	119238432	119322427
Myd88	9	119335934	119341411
Acaa1a	9	119339676	119350299
Xylb	9	119357381	119393797
Acvr2b	9	119402118	119434995
Exog	9	119444943	119465517
Wdr48	9	119894878	119926587
Cx3cr1	9	119901616	120069879
Gorasp1	9	119925257	119937565
Csrnp1	9	119971163	119984658
Slc25a38	9	120110374	120124504
Eif1b	9	120492232	120495330
Entpd3	9	120539818	120568327
Ctnnb1	9	120929216	120960507
Trak1	9	121297502	121474918
Sec22c	9	121680045	121705490
Ss18l2	9	121710329	121713388
Nktr	9	121719169	121756843
Zfp651	9	121759330	121771742
Higd1a	9	121848563	121858362
Pomgnt2	9	121981606	121997110
Snrk	9	122117266	122169702
Ano10	9	122175874	122294423
Abhd5	9	122351608	122381524
Zfp445	9	122844529	122866006
Zkscan7	9	122903246	122914154
1110059G10Rik	9	122945089	122951000
Kif15	9	122951046	123018733
Tmem42	9	123021326	123023705
Zdhhc3	9	123066160	123113205
Exosc7	9	123113215	123136129
Clec3b	9	123150946	123157432
Tmem158	9	123259053	123260764
Lars2	9	123366927	123462666
Limd1	9	123478706	123521552
Sacm1l	9	123529759	123592600
Slc6a20a	9	123634770	123678885
Ccr9	9	123678439	123784330
Lztfl1	9	123694416	123717697
Fyco1	9	123789500	123851899
Cxcr6	9	123806475	123811760
Xcr1	9	123852315	123862029
Ccr1	9	123962124	123968692
Ccr2	9	124101950	124113557
Ccr5	9	124121543	124147699
2010315B03Rik	9	124291804	124312696
Ppp2r3d	9	124422622	124476898
Mthfd1l	10	3973118	4167081
Akap12	10	4266380	4359470
Zbtb2	10	4367075	4388108
Rmnd1	10	4401915	4432388
Armt1	10	4432467	4455141
Syne1	10	5020917	5551482
Fbxo5	10	5799160	5805600
Mtrf1l	10	5811887	5823910
Ipcef1	10	6885796	7052478
Cnksr3	10	7119063	7212237
Ulbp1	10	7440362	7473638
Pcmt1	10	7629373	7681136
Nup43	10	7667503	7678881
Lats1	10	7681214	7716460
Katna1	10	7726000	7763150
Ginm1	10	7767947	7792824
Ppil4	10	7792891	7823135
Zc3h12d	10	7832470	7870396
Tab2	10	7905653	7956230
Ust	10	8204756	8518825
Sash1	10	8722219	8886070
Samd5	10	9622936	9675208
Stxbp5	10	9755547	9901079
Rab32	10	10545002	10558265
Shprh	10	11149427	11217595
Fbxo30	10	11281330	11298052
Epm2a	10	11343404	11459644
Utrn	10	12382188	12869365
Stx11	10	12938209	12964298
Sf3b5	10	13005343	13009183
Ltv1	10	13178140	13193168
Phactr2	10	13207717	13474412
Fuca2	10	13499540	13519035
Pex3	10	13523842	13553142
Adat2	10	13552894	13563376
Aig1	10	13647054	13868980
Hivep2	10	13966075	14151374
Adgrg6	10	14402583	14545659
Vta1	10	14654755	14705560
Cited2	10	17723218	17725674
Heca	10	17868612	17948067
Abracl	10	18011260	18023288
Reps1	10	18055861	18125155
Ccdc28a	10	18213676	18234998
Nhsl1	10	18318985	18533892
Perp	10	18845020	18857073
Tnfaip3	10	19000910	19015657
Ifngr1	10	19591949	19610229
Pex7	10	19853900	19907689
Map3k5	10	19934472	20142753
Map7	10	20148471	20281590
Bclaf1	10	20312469	20344613
Ahi1	10	20952547	21080429
Myb	10	21124935	21160984
Hbs1l	10	21295979	21368898
Sgk1	10	21882184	21999903
E030030I06Rik	10	22113050	22149270
Raet1e	10	22158569	22374139
Slc2a12	10	22645011	22704285
Tbpl1	10	22703879	22731938
Slc18b1	10	23796986	23827968
Vnn1	10	23894688	23905343
Stx7	10	24149302	24190222
Enpp1	10	24637914	24712159
Med23	10	24869986	24913681
Arg1	10	24915221	24927484
Akap7	10	25169090	25307870
Epb41l2	10	25359798	25523519
L3mbtl3	10	26274468	26375971
Arhgap18	10	26753421	26918648
Lama2	10	26980036	27619758
Ptprk	10	28074820	28597397
Themis	10	28668360	28883818
2310057J18Rik	10	28972288	28986303
Soga3	10	29143839	29199630
Echdc1	10	29313166	29347469
Rnf146	10	29344176	29362442
Cenpw	10	30194569	30200560
Trmt11	10	30534225	30600749
Hint3	10	30608141	30629632
Ncoa7	10	30628999	30803326
Hddc2	10	31313383	31328204
Tpd52l1	10	31332376	31445958
Rnf217	10	31493193	31609184
Rwdd1	10	33996555	34019624
Dse	10	34151393	34207715
Tspyl1	10	34282190	34285275
Nt5dc1	10	34288288	34418552
Tspyl4	10	34297442	34301320
Frk	10	34483399	34611278
Amd2	10	35708675	35711892
Hdac2	10	36974544	37001889
Marcks	10	37133375	37138920
Lama4	10	38965515	39110188
Fyn	10	39368855	39565381
Traf3ip2	10	39612934	39655307
Rev3l	10	39732118	39875211
Mfsd4b4	10	39890018	39899238
Slc16a10	10	40033532	40142258
Rpf2	10	40223246	40247036
Gtf3c6	10	40247703	40258108
Amd1	10	40287458	40302186
Cdk19	10	40339564	40483818
Cdc40	10	40831621	40883311
Fig4	10	41188172	41303260
Zbtb24	10	41450383	41465574
Mical1	10	41476314	41487032
Smpd2	10	41485642	41490369
Cd164	10	41519414	41531048
Cep57l1	10	41718840	41809871
Sesn1	10	41809935	41908424
Foxo3	10	42181841	42276755
Snx3	10	42502030	42535381
Ostm1	10	42583822	42702459
Sec63	10	42761496	42832514
Scml4	10	42860370	42960780
Pdss2	10	43221486	43464882
Bend3	10	43478831	43515396
Gm9803	10	43524084	43524646
1700021F05Rik	10	43525133	43540994
Cd24a	10	43578284	43584265
Qrsl1	10	43874188	43901745
Rtn4ip1	10	43901807	43957201
Atg5	10	44268358	44364291
Prdm1	10	44437177	44528501
Prep	10	45067203	45167198
Hace1	10	45577829	45712345
Ascc3	10	50592669	50851485
Lilr4b	10	51480632	51486703
Lilrb4a	10	51490956	51496611
Dcbld1	10	52233619	52321378
Gopc	10	52335850	52382124
Nus1	10	52417547	52440183
Cep85l	10	53273443	53379947
Mcm9	10	53536315	53630439
Asf1a	10	53596757	53609225
Man1a	10	53904785	54076609
Tbc1d32	10	56014293	56228689
Msl3l2	10	56106917	56116880
Gja1	10	56377330	56402513
Hsf2	10	57486385	57513135
Serinc1	10	57515774	57532530
Pkib	10	57631981	57741112
Smpdl3a	10	57794335	57811830
Gcc2	10	58255497	58305599
Lims1	10	58323466	58424691
Ranbp2	10	58446920	58494356
Sept10	10	59141627	59221847
Sowahc	10	59221953	59226434
P4ha1	10	59323296	59373304
Oit3	10	59422958	59441778
Mcu	10	59446984	59616692
Micu1	10	59702477	59864132
Dnajb12	10	59879556	59899302
Ddit4	10	59949669	59951834
Anapc16	10	59987409	60003135
Ascc1	10	60002805	60099988
Chst3	10	60181532	60219260
Psap	10	60277627	60302597
Vsir	10	60346851	60372684
Slc29a3	10	60712072	60752794
Unc5b	10	60762593	60831581
Pcbd1	10	61089331	61094324
Sgpl1	10	61098642	61147703
Prf1	10	61297833	61304680
Pald1	10	61319656	61383530
Eif4ebp2	10	61428491	61452661
Lrrc20	10	61475801	61582791
Ppa1	10	61648552	61674168
Sar1a	10	61680299	61693297
Tysnd1	10	61695514	61702773
Aifm2	10	61715263	61739260
Tspan15	10	62185396	62231251
Hk1	10	62268855	62379908
Hkdc1	10	62383137	62422491
Supv3l1	10	62429209	62449738
Vps26a	10	62455235	62486805
Srgn	10	62493833	62527451
Kif1bp	10	62538626	62578457
Ddx21	10	62580251	62602281
Ddx50	10	62615895	62651218
Ccar1	10	62743928	62792286
Slc25a16	10	62920633	62946498
Dna2	10	62947026	62974185
Rufy2	10	62980223	63017210
Hnrnph3	10	63014664	63024217
Herc4	10	63243810	63317878
Sirt1	10	63319005	63381704
Dnajc12	10	63382443	63410576
Reep3	10	67009189	67096945
Jmjd1c	10	67096125	67256326
Egr2	10	67535475	67542188
Ado	10	67544511	67548955
Zfp365	10	67886103	67912662
Arid5b	10	68092520	68278740
Rhobtb1	10	69151434	69291791
A930033H14Rik	10	69209762	69213098
Cdk1	10	69335146	69352938
Ank3	10	69398773	70027438
Ccdc6	10	70097121	70193200
Bicc1	10	70922832	71159700
Tfam	10	71225464	71238280
Ube2d1	10	71254980	71285262
Cisd1	10	71330480	71344954
Ipmk	10	71347763	71433327
Zwint	10	72654845	72674964
Bcr	10	75060592	75184921
Specc1l	10	75212073	75312743
Adora2a	10	75316877	75334784
Gucd1	10	75351111	75517972
Snrpd3	10	75517551	75537381
Ggt5	10	75589340	75617200
Susd2	10	75636706	75644008
Cabin1	10	75646112	75764341
Ddt	10	75771230	75773414
Gstt3	10	75774115	75781414
Gstt1	10	75783813	75798584
Gstt2	10	75831114	75837424
Mif	10	75859353	75860240
Derl3	10	75893413	75895941
Smarcb1	10	75896769	75921617
Mmp11	10	75923222	75936496
Chchd10	10	75933130	75937747
Gm867	10	75937723	75940672
Vpreb3	10	75943057	75949657
Zfp280b	10	76032650	76043234
Prmt2	10	76207222	76237865
S100b	10	76253853	76261159
Dip2a	10	76259429	76345291
Pcnt	10	76351263	76442786
Ybey	10	76459567	76469114
Mcm3ap	10	76468927	76515857
Lss	10	76531588	76557138
Col6a2	10	76595762	76623630
Col6a1	10	76708792	76726168
Pcbp3	10	76761857	76961887
Slc19a1	10	77032241	77061002
Col18a1	10	77052178	77166548
Pofut2	10	77259218	77269575
Adarb1	10	77290726	77418270
Fam207a	10	77486661	77515785
Itgb2	10	77530252	77565708
Pttg1ip	10	77581720	77598732
Sumo3	10	77606097	77618331
Ube2g2	10	77622275	77645993
Trpm2	10	77907722	77970563
1810043G02Rik	10	77978524	77986905
Pfkl	10	77986947	78010083
Icosl	10	78069302	78083913
Pwp2	10	78170909	78185149
Trappc10	10	78186725	78244641
Agpat3	10	78269178	78352489
Rrp1	10	78400384	78413043
Cstb	10	78425669	78427622
Pdxk	10	78436744	78464975
Ilvbl	10	78574346	78584502
Syde1	10	78584503	78591964
2610008E11Rik	10	79064374	79097600
Plpp2	10	79526430	79533796
Mier2	10	79540245	79555199
Shc2	10	79618051	79637918
Tpgs1	10	79669369	79676127
Cdc34	10	79682195	79688398
Bsg	10	79704491	79711969
Polrmt	10	79736123	79746581
Rnf126	10	79758515	79766952
Fstl3	10	79777272	79782630
Prss57	10	79781474	79790961
Palm	10	79793572	79820896
Misp	10	79820989	79830490
Ptbp1	10	79854427	79864771
Plppr3	10	79860475	79874634
Prtn3	10	79874476	79883174
Elane	10	79886247	79888215
Med16	10	79894708	79908923
R3hdm4	10	79910052	79921208
Arid3a	10	79927043	79955018
Wdr18	10	79960152	79970203
Tmem259	10	79974948	79984330
Cnn2	10	79988584	79996062
Abca7	10	79996494	80015572
Arhgap45	10	80016653	80031472
Polr2e	10	80035949	80039795
Gpx4	10	80047166	80056439
Sbno2	10	80056992	80105571
Stk11	10	80115803	80130682
Cbarp	10	80130451	80140835
Atp5d	10	80138632	80145818
Midn	10	80148272	80158368
Cirbp	10	80165985	80172786
1600002K03Rik	10	80172944	80175146
Efna2	10	80179482	80190010
Ndufs7	10	80249121	80256794
Gamt	10	80258151	80261012
Dazap1	10	80261486	80288408
2310011J03Rik	10	80318254	80320537
Pcsk4	10	80321283	80329498
Reep6	10	80329953	80336441
Adamtsl5	10	80339110	80348412
Mex3d	10	80380355	80387659
Mbd3	10	80392539	80399550
Uqcr11	10	80402997	80406830
Tcf3	10	80409514	80433647
Onecut3	10	80494835	80517276
Rexo1	10	80540922	80561560
Klf16	10	80567124	80577321
Abhd17a	10	80583654	80590341
Adat3	10	80602880	80607654
Csnk1g2	10	80622838	80640749
Btbd2	10	80642617	80657071
Mknk2	10	80665327	80678112
Mob3a	10	80685253	80701977
Izumo4	10	80702184	80705373
Ap3d1	10	80706956	80742264
Dot1l	10	80755206	80795461
Plekhj1	10	80796099	80798626
Sf3a2	10	80798198	80804924
Oaz1	10	80826656	80829290
Sppl2b	10	80855275	80868708
Timm13	10	80899450	80900969
Lmnb2	10	80901203	80918245
Gadd45b	10	80930073	80932204
Slc39a3	10	81028538	81037426
Sgta	10	81044075	81060181
Thop1	10	81070035	81082559
Creb3l3	10	81084324	81098874
Map2k2	10	81105915	81133975
Zbtb7a	10	81135220	81152995
Pias4	10	81153266	81167923
Eef2	10	81176631	81182498
Dapk3	10	81183005	81193197
Matk	10	81252935	81263365
Apba3	10	81266960	81273246
Tjp3	10	81273207	81291581
Pip5k1c	10	81292963	81319973
Cactin	10	81321103	81326242
Tbxa2r	10	81328731	81335172
Hmg20b	10	81346048	81350480
Mfsd12	10	81357491	81366225
Fzr1	10	81366222	81378516
Dohh	10	81384428	81388352
Smim24	10	81393051	81395392
Nfic	10	81396186	81455635
Ncln	10	81486249	81496392
S1pr4	10	81497747	81500132
Gna15	10	81502306	81524225
Gna11	10	81528724	81545190
Aes	10	81559488	81566362
Tle2	10	81574561	81590845
Tle6	10	81590904	81601073
Sirt6	10	81621785	81627797
Ankrd24	10	81628540	81647610
Zfp938	10	82224850	82241280
1190007I07Rik	10	82619851	82623228
Hcfc2	10	82696160	82742428
Nfyb	10	82748701	82764144
Txnrd1	10	82833951	82897712
Chst11	10	82985498	83195900
Slc41a2	10	83230848	83337882
D10Wsu102e	10	83360221	83488505
Aldh1l2	10	83487450	83534140
Washc4	10	83543752	83596473
Appl2	10	83600033	83648738
Nuak1	10	84370905	84440597
Ckap4	10	84526305	84534062
Tcp11l2	10	84576626	84614359
Polr3b	10	84622292	84727178
Ric8b	10	84917616	85018337
Tmem263	10	85102627	85120618
Mterf2	10	85119433	85128027
Cry1	10	85131700	85185064
Btbd11	10	85386814	85660292
Pwp1	10	85829494	85889096
Prdm4	10	85891966	85917142
Rtcb	10	85938637	85957823
Fbxo7	10	86021972	86051873
Timp3	10	86300372	86349506
Hsp90b1	10	86690209	86705509
Nt5dc3	10	86779005	86838389
Stab2	10	86841198	87008025
Igf1	10	87858265	87937042
Parpbp	10	88091432	88146941
Nup37	10	88146992	88178390
Washc3	10	88201093	88246158
Dram1	10	88322804	88379080
Gnptab	10	88379132	88447329
Chpt1	10	88452745	88504073
Arl1	10	88730858	88744094
Utp20	10	88746607	88826804
Gas2l3	10	89408823	89443967
Nr1h4	10	89454234	89533585
Scyl2	10	89638721	89686285
Actr6	10	89711971	89732295
Uhrf1bp1l	10	89744991	89819871
Apaf1	10	90989311	91082770
Ikbip	10	91082940	91102607
Slc25a3	10	91116574	91124059
Tmpo	10	91147571	91181315
Nedd1	10	92684746	92722420
Cdk17	10	93160875	93267071
Elk3	10	93247414	93311135
Lta4h	10	93453411	93484875
Snrpf	10	93583029	93589706
Ntn4	10	93640681	93747207
Metap2	10	93858489	93897093
Vezt	10	93939165	94035817
Fgd6	10	94036001	94145339
Nr2c1	10	94148023	94197211
Ndufa12	10	94198720	94221443
Tmcc3	10	94311949	94590956
Cep83	10	94688654	94790853
Plxnc1	10	94790866	94944835
Cradd	10	95174746	95324133
Socs2	10	95385362	95417180
Ube2n	10	95515145	95545657
Nudt4	10	95547007	95564146
Eea1	10	95940650	96045518
Btg1	10	96617006	96622809
Dcn	10	97479609	97518143
Lum	10	97565128	97572703
Atp2b1	10	98914406	99026143
Poc1b	10	99107036	99198074
Galnt4	10	99108159	99113247
Dusp6	10	99263231	99267489
Kitl	10	100015630	100100416
Tmtc3	10	100443902	100487350
Cep290	10	100487558	100574840
4930430F08Rik	10	100572265	100590423
Mgat4c	10	101681487	102391469
Rassf9	10	102512222	102549736
Tmtc2	10	105187663	105574451
Mettl25	10	105763189	105841380
Ccdc59	10	105841067	105847833
Ppp1r12a	10	108162193	108284475
Pawr	10	108332121	108414240
Nav3	10	109681259	110456204
E2f7	10	110745439	110787384
Csrp2	10	110919789	110939622
Zdhhc17	10	110941780	111010140
Osbpl8	10	111164752	111297249
Nap1l1	10	111473223	111498150
Phlda1	10	111506286	111508645
Krr1	10	111972664	111988432
Glipr1	10	111985448	112002631
Atxn7l3b	10	112925430	112929001
Tbc1d15	10	115197872	115251467
Rab21	10	115287084	115315594
Tmem19	10	115339674	115362501
Thap2	10	115368404	115384443
Zfc3h1	10	115384959	115432772
Lgr5	10	115450311	115587780
Tspan8	10	115816832	115849893
Ptprr	10	116018213	116274932
Ptprb	10	116275523	116389535
Kcnmb4	10	116417861	116473878
Cnot2	10	116485161	116581511
Rab3ip	10	116905784	116950769
Cct2	10	117051001	117063814
Frs2	10	117069427	117148534
Yeats4	10	117215221	117224507
Lyz2	10	117277331	117282321
Lyz1	10	117287797	117292868
Cpsf6	10	117344673	117380015
Cpm	10	117629500	117687352
Mdm2	10	117688875	117710758
Nup107	10	117750621	117792705
Rap1b	10	117813871	117846035
Mdm1	10	118141811	118168997
Ifng	10	118441046	118445892
Dyrk2	10	118855603	118870209
Cand1	10	119199255	119240055
Helb	10	120083608	120112987
Irak3	10	120141648	120202130
Tmbim4	10	120201590	120224917
Llph	10	120227070	120232582
Hmga2	10	120361275	120476469
Lemd3	10	120923413	120979332
Gns	10	121365090	121397249
Rassf3	10	121410350	121476347
Tbk1	10	121546455	121586787
Xpot	10	121587380	121626332
BC048403	10	121739937	121752878
Srgap1	10	121780991	122047315
Ppm1h	10	122678762	122945795
Mon2	10	122992060	123076505
Usp15	10	123105006	123196995
Slc16a7	10	125219270	125389465
Atp23	10	126868427	126901355
Ctdsp2	10	126978717	126999975
Avil	10	127000709	127020994
Tsfm	10	127011572	127030840
Mettl1	10	127041414	127046365
March9	10	127055011	127060184
Cdk4	10	127063534	127067920
Tspan31	10	127067280	127070264
Os9	10	127095650	127121131
B4galnt1	10	127165225	127172330
Arhgef25	10	127182525	127190083
Dtx3	10	127190378	127195728
Pip4k2c	10	127197067	127211585
Dctn2	10	127266368	127281950
Mbd6	10	127281956	127289018
Ddit3	10	127290774	127296288
Mars	10	127296221	127311786
Arhgap9	10	127321964	127329943
R3hdm2	10	127380327	127499384
Ndufa4l2	10	127514967	127517154
Shmt2	10	127517123	127522444
Lrp1	10	127538161	127621148
Stat6	10	127642986	127660957
Nab2	10	127660918	127668568
Nemp1	10	127666901	127701049
Myo1a	10	127705170	127720940
Tac2	10	127724478	127731768
Zbtb39	10	127739538	127747349
Prim1	10	128015168	128030037
Naca	10	128035575	128048637
Ptges3	10	128058954	128077272
Atp5b	10	128083273	128090391
Baz2a	10	128091577	128129303
Rbms2	10	128131558	128180297
Gls2	10	128194457	128210004
Spryd4	10	128209908	128211807
Timeless	10	128232065	128252941
Stat2	10	128270559	128292849
Il23a	10	128296139	128298752
Pan2	10	128303335	128321358
Cnpy2	10	128322459	128327553
Cs	10	128337734	128362479
Coq10a	10	128363100	128368997
Ankrd52	10	128377115	128408704
Nabp2	10	128401395	128411492
Rnf41	10	128411657	128441441
Smarcc2	10	128459248	128490482
Myl6	10	128490860	128494145
Esyt1	10	128509965	128525871
Zc3h10	10	128541963	128547774
Pa2g4	10	128557766	128565987
Erbb3	10	128567523	128589652
Suox	10	128669894	128674073
Rab5b	10	128677175	128696264
Cdk2	10	128697939	128705031
Dgka	10	128720134	128744855
Mmp19	10	128790910	128800824
Tmem198b	10	128800036	128804370
Dnajc14	10	128804062	128819446
Sarnp	10	128817333	128877629
Ormdl2	10	128817902	128821645
Cd63	10	128900989	128912822
Bloc1s1	10	128917882	128924035
Itga7	10	128933818	128958282
Mettl7b	10	128958274	128960988
Tespa1	10	130322870	130364111
Sfi1	11	3131850	3193463
Drg1	11	3187360	3266415
Eif4enif1	11	3202392	3244588
Patz1	11	3288874	3309083
Pik3ip1	11	3330401	3342971
Limk2	11	3344256	3409189
Rnf185	11	3415982	3452363
Inpp5j	11	3494375	3504821
Selenom	11	3514684	3517351
Smtn	11	3517523	3540612
Morc2a	11	3649191	3690477
Dusp18	11	3895240	3901296
Slc35e4	11	3907021	3914664
Tcn2	11	3917192	3932159
Pes1	11	3963975	3980004
Gal3st1	11	3983636	3999326
Mtfp1	11	4091480	4095445
Sec14l2	11	4097039	4123415
Rnf215	11	4135202	4141172
Ccdc157	11	4141123	4160293
Sf3a1	11	4160350	4182541
Tbc1d10a	11	4186789	4215505
Osm	11	4236420	4241026
Lif	11	4257557	4272514
Mtmr3	11	4480868	4594863
Ascc2	11	4637747	4685699
Uqcr10	11	4701973	4704342
Zmat5	11	4704678	4737669
Nf2	11	4765845	4849536
Nipsnap1	11	4873951	4894200
Thoc5	11	4895320	4928867
Ap1b1	11	4986824	5042791
Gas2l1	11	5054132	5065327
Ewsr1	11	5069689	5099266
Rhbdd3	11	5098926	5106093
Kremen1	11	5191552	5261558
Znrf3	11	5276324	5444847
Xbp1	11	5520659	5525893
Ccdc117	11	5528887	5542187
Urgcp	11	5713417	5762376
Dbnl	11	5788488	5800962
Polm	11	5827860	5838016
Aebp1	11	5861947	5872088
Pold2	11	5872180	5878292
Myl7	11	5896637	5898782
Ykt6	11	5955693	5967780
Camk2b	11	5969644	6066362
Nudcd3	11	6105691	6200415
Ddx56	11	6258919	6267772
Tmed4	11	6270369	6274870
Ogdh	11	6291633	6356642
Zmiz2	11	6389074	6406158
Ppia	11	6415443	6419817
H2afv	11	6427229	6444443
Purb	11	6467599	6475917
Myo1g	11	6506548	6520965
Ccm2	11	6546887	6596744
Tbrg4	11	6615598	6626067
Ramp3	11	6658521	6677475
Igfbp3	11	7206086	7213923
Tns3	11	8431652	8664535
Hus1	11	8993137	9011191
Upp1	11	9118103	9136170
Abca13	11	9191942	9684259
Ikzf1	11	11685003	11772926
Fignl1	11	11787431	11808962
Ddc	11	11814101	11898144
Grb10	11	11930508	12038683
Cobl	11	12236608	12464960
Egfr	11	16752203	16918158
Plek	11	16971206	17052381
Cnrip1	11	17051586	17079371
Ppp3r1	11	17159263	17200375
Wdr92	11	17182107	17233796
Pno1	11	17203198	17211568
C1d	11	17257579	17269176
Etaa1	11	17938756	17953875
Meis1	11	18879817	19018985
Spred2	11	19924375	20024026
Actr2	11	20062304	20112913
Rab1a	11	20201432	20226856
Cep68	11	20227037	20249429
Slc1a4	11	20302180	20332713
Sertad2	11	20543253	20653021
Aftph	11	20685084	20741589
Lgalsl	11	20823576	20831056
Peli1	11	21091291	21150323
Vps54	11	21239281	21321136
Ugp2	11	21321138	21371201
Mdh1	11	21556787	21572367
Ehbp1	11	22005828	22342292
Tmem17	11	22512088	22519234
Commd1	11	22896136	22982382
Zrsr1	11	22972005	22976496
Cct4	11	22990519	23003780
Xpo1	11	23256041	23298249
Usp34	11	23306895	23490560
Ahsa2	11	23487882	23498030
0610010F05Rik	11	23564961	23633639
Pex13	11	23646479	23665959
Pus10	11	23665674	23732876
Rel	11	23736847	23770970
Papolg	11	23862646	23895253
Bcl11a	11	24078056	24174123
Fancl	11	26386135	26471876
Vrk2	11	26471322	26593999
Efemp1	11	28853204	28926743
Pnpt1	11	29130744	29161828
Ppp4r3b	11	29172890	29220797
Cfap36	11	29221532	29247409
Ccdc88a	11	29373658	29510808
Prorsd1	11	29511757	29515033
Mtif2	11	29526408	29545279
Rtn4	11	29692947	29744331
Sptbn1	11	30099395	30268175
Psme4	11	30771726	30880361
Asb3	11	30885416	31102704
Erlec1	11	30930774	30954335
Chac2	11	30976707	30986350
Stc2	11	31357307	31370074
Bod1	11	31665181	31671885
Cpeb4	11	31872211	31935634
Nsg2	11	32000463	32059202
Il9r	11	32187541	32200279
Snrnp25	11	32205415	32208984
Rhbdf1	11	32209585	32222300
Nprl3	11	32225628	32267707
Mpg	11	32226505	32232700
Hba-a1	11	32283511	32284465
Hba-a2	11	32296489	32297298
Sh3pxd2b	11	32347820	32428173
Ubtd2	11	32455370	32516687
Stk10	11	32533305	32624587
Fbxw11	11	32642724	32746816
Npm1	11	33152287	33163206
Gabrp	11	33550781	33578959
Lcp2	11	34046920	34092295
Dock2	11	34226815	34783892
Spdl1	11	34809190	34833641
Slit3	11	35121224	35708507
Pank3	11	35769484	35791285
Rars	11	35808381	35834506
Wwc1	11	35838400	35980527
Mat2b	11	40679314	40695203
Hmmr	11	40701395	40733422
Nudcd2	11	40733667	40740046
Ccng1	11	40748552	40755311
Atp10b	11	43149877	43262285
Pttg1	11	43420250	43426251
Slu7	11	43433744	43447981
Pwwp2a	11	43681998	43721491
Ttc1	11	43729512	43748008
Ublcp1	11	44454571	44470498
Rnf145	11	44518964	44565520
Ebf1	11	44617317	45008091
Clint1	11	45852051	45910625
Lsm11	11	45928269	45944935
Thg1l	11	45946843	45955494
Gm12166	11	46051354	46052321
Adam19	11	46055992	46147343
Cyfip2	11	46193850	46312859
Itk	11	46325150	46389515
Med7	11	46436925	46442721
Havcr2	11	46454935	46481255
Rack1	11	48800332	48806434
Trim41	11	48806404	48817353
Trim7	11	48826140	48852209
Irgm1	11	48861968	48871683
Psme2b	11	48945354	48946190
Ifi47	11	49076587	49096974
Zfp62	11	49203292	49218816
Mgat1	11	49244191	49263030
Cnot6	11	49671503	49712723
Gfpt2	11	49794178	49838613
Mapk9	11	49846751	49886421
Rnf130	11	50025346	50125719
Tbc1d9b	11	50131396	50172785
Mrnip	11	50174444	50200115
Sqstm1	11	50199366	50210827
Mgat4b	11	50210890	50235103
Ltc4s	11	50236461	50238616
Maml1	11	50255634	50292311
Canx	11	50293961	50325673
Hnrnph1	11	50376990	50386528
Rufy1	11	50389286	50431125
Adamts2	11	50602084	50807573
Zfp2	11	50898712	50916165
Clk4	11	51261730	51281766
Phykpl	11	51584757	51604489
Hnrnpab	11	51600100	51606847
Nhp2	11	51619735	51623714
Rmnd5b	11	51623671	51635896
N4bp3	11	51643063	51650842
0610009B22Rik	11	51685386	51688874
Sec24a	11	51692264	51763634
Sar1b	11	51763687	51791925
Jade2	11	51813455	51857653
Cdkn2aipnl	11	51967661	51977334
Ube2b	11	51985497	52000762
Ppp2ca	11	52098681	52127778
Skp1a	11	52231995	52246858
Tcf7	11	52252371	52283014
Vdac1	11	52360860	52389397
9530068E07Rik	11	52396428	52408728
Hspa4	11	53259814	53300457
Zcchc10	11	53324679	53333301
Aff4	11	53350833	53421830
Uqcrq	11	53427922	53430831
Shroom1	11	53457205	53467766
Sept8	11	53519257	53549565
Kif3a	11	53567379	53601967
Rad50	11	53649519	53707319
Irf1	11	53770014	53778374
Gm12216	11	53783418	53859256
Slc22a5	11	53864542	53891660
Slc22a4	11	53983123	54028090
Pdlim4	11	54054928	54069014
P4ha2	11	54100095	54131665
Csf2	11	54247271	54249667
Fnip1	11	54438199	54518235
Rapgef6	11	54522847	54699285
Cdc42se2	11	54717456	54787675
Hint1	11	54866383	54870501
Gpx3	11	54902453	54910377
Tnip1	11	54910785	54962917
Anxa6	11	54979108	55033445
Gm2a	11	55098115	55113029
Slc36a1	11	55204350	55236330
Sparc	11	55394500	55423183
Atox1	11	55446641	55461239
G3bp1	11	55469685	55504838
Fam114a2	11	57482993	57518617
Mfap3	11	57518664	57533815
Galnt10	11	57645442	57787514
Sap30l	11	57801637	57810217
Larp1	11	58009064	58062034
Cnot8	11	58104153	58118594
Gemin5	11	58120002	58168539
Igtp	11	58199556	58207591
Irgm2	11	58199618	58222782
4930438A08Rik	11	58274799	58294289
Zfp692	11	58307069	58314627
Zfp672	11	58315114	58330339
Sh3bp5l	11	58330724	58347728
Lypd8	11	58379043	58390728
2210407C18Rik	11	58608204	58616075
2810021J22Rik	11	58867216	58883288
Btnl10	11	58917908	58927158
Rnf187	11	58932288	58938916
Hist3h2ba	11	58948920	58949533
Hist3h2a	11	58954685	58956830
Trim11	11	58978093	58991458
Iba57	11	59155369	59163739
Guk1	11	59183875	59192212
2310033P09Rik	11	59208321	59210738
Arf1	11	59211412	59228270
Snap47	11	59407134	59451186
Jmjd4	11	59450045	59458567
Zfp867	11	59461197	59472474
Zkscan17	11	59485520	59526751
Nlrp3	11	59541568	59566956
Mprip	11	59661305	59780860
Flcn	11	59791408	59810016
Cops3	11	59817795	59839838
Nt5m	11	59839447	59880968
Med9	11	59948206	59962205
Rasd1	11	59963181	59964944
Pemt	11	59970614	60046489
Rai1	11	60105013	60199197
Srebf1	11	60199089	60222581
Tom1l2	11	60226714	60352905
Atpaf2	11	60400626	60418457
Gid4	11	60417145	60450927
Drg2	11	60454591	60468754
Alkbh5	11	60536381	60558512
Llgl1	11	60699723	60714186
Flii	11	60714123	60727263
Mief2	11	60728398	60732951
Top3a	11	60740058	60777365
Smcr8	11	60777524	60788287
Shmt1	11	60788104	60811718
Dhrs7b	11	60830631	60860195
Tmem11	11	60864452	60879272
Natd1	11	60902246	60914750
Map2k3	11	60932033	60952811
Tnfrsf13b	11	61126755	61149372
Usp22	11	61151785	61175055
Aldh3a1	11	61207537	61218421
Aldh3a2	11	61223417	61267464
Mfap4	11	61485431	61488900
Mapk7	11	61488812	61494406
Epn2	11	61517249	61579687
Grap	11	61653265	61672784
Fam83g	11	61684091	61709951
Ulk2	11	61775649	61855073
Akap10	11	61871307	61930252
Specc1	11	61956763	62223013
Adora2b	11	62248984	62266453
Zswim7	11	62267224	62281375
Ttc19	11	62281473	62328451
Ncor1	11	62316426	62458541
Pigl	11	62458460	62514417
Cenpv	11	62524946	62539261
Ubb	11	62551171	62553213
Trpv2	11	62574486	62600515
Lrrc75a	11	62604884	62648523
Mmgt2	11	62648664	62666354
Trim16	11	62820231	62850808
Tvp23b	11	62879455	62916780
Pmp22	11	63128982	63159547
Hs3st3b1	11	63885792	63922290
Cox10	11	63962627	64079468
Elac2	11	64979038	65002069
Map2k4	11	65688243	65788297
Zkscan6	11	65807175	65829239
Tmem220	11	67025154	67035312
Adprm	11	67037905	67052594
Sco1	11	67052670	67067070
Gas7	11	67455437	67688990
Usp43	11	67854523	67922153
Stx8	11	67966193	68207148
Pik3r5	11	68432121	68497849
Pik3r6	11	68503019	68552698
Myh10	11	68691559	68816632
Ndel1	11	68821434	68871858
Slc25a35	11	68968131	68974365
Pfas	11	68985697	69008460
Ctc1	11	69015911	69036473
Aurkb	11	69045647	69051664
Borcs6	11	69059717	69061578
Tmem107	11	69070806	69073293
Vamp2	11	69088490	69092384
Per1	11	69095217	69109960
Cntrob	11	69299487	69323775
Trappc1	11	69323980	69325793
Chd3	11	69343273	69369406
Naa38	11	69395487	69396680
Tmem88	11	69396519	69398234
Kdm6b	11	69398508	69413675
Wrap53	11	69561758	69580255
Trp53	11	69580359	69591873
Atp1b2	11	69599736	69605942
Fxr2	11	69632990	69653297
Mpdu1	11	69656697	69662642
Cd68	11	69664213	69666153
Eif4a1	11	69666936	69672423
Senp3	11	69673115	69682084
Tnfsf12	11	69686250	69695849
Polr2a	11	69733997	69758637
Zbtb4	11	69765912	69784023
Chrnb1	11	69784036	69795943
Fgf11	11	69796068	69801857
Nlgn2	11	69823122	69837784
Tmem256	11	69838514	69839618
Plscr3	11	69846376	69852058
Kctd11	11	69878261	69881406
Acap1	11	69881567	69895539
2810408A11Rik	11	69897352	69900987
Neurl4	11	69901072	69913820
Gps2	11	69913888	69916591
Eif5a	11	69916714	69921958
Slc2a4	11	69942539	69948188
Cldn7	11	69964779	69967885
Elp5	11	69968222	69982517
Ctdnep1	11	69981156	69990601
Gabarap	11	69991143	69994951
Phf23	11	69995777	70000009
Dvl2	11	70000595	70012301
Acadvl	11	70010183	70015411
Dlg4	11	70016942	70047522
Mgl2	11	70130329	70137550
Clec10a	11	70156197	70170834
Slc16a13	11	70216789	70221064
Alox15	11	70344152	70352031
Pelp1	11	70392883	70410031
Arrb2	11	70432635	70440828
Med11	11	70451919	70453727
Cxcl16	11	70453983	70459984
Zmynd15	11	70459433	70466202
Tm4sf5	11	70505244	70511178
Psmb6	11	70525367	70527858
Pld2	11	70540064	70558110
Mink1	11	70562881	70614483
Slc25a11	11	70644196	70647479
Rnf167	11	70647235	70651421
Pfn1	11	70651850	70654644
Eno3	11	70657202	70662513
Spag7	11	70663771	70669416
Camta2	11	70669463	70688105
Kif1c	11	70700548	70731964
Scimp	11	70790932	70812586
Rabep1	11	70844778	70943105
Nup88	11	70943058	70969973
Rpain	11	70970213	70977833
C1qbp	11	70977836	70983026
Dhx33	11	70984091	71004437
Derl2	11	71007164	71019841
Mis12	11	71019611	71027371
4933427D14Rik	11	72153929	72207459
Txndc17	11	72207547	72210015
Med31	11	72211724	72215592
Xaf1	11	72301629	72313733
Smtnl2	11	72389164	72411713
Ggt6	11	72435526	72438400
Mybbp1a	11	72441355	72451768
Spns2	11	72451638	72489904
Ube2g1	11	72607283	72686481
Ankfy1	11	72690006	72772146
Cyb5d2	11	72777232	72796142
Zzef1	11	72796226	72927120
Atp2a3	11	72961169	72993044
P2rx1	11	72999103	73015200
Ncbp3	11	73047783	73089317
Itgae	11	73090583	73147446
Emc6	11	73175519	73177037
Ctns	11	73183596	73199042
Shpk	11	73199460	73224511
Aspa	11	73304992	73329596
Rap1gap2	11	74383356	74610915
Cluh	11	74649495	74670847
Pafah1b1	11	74673949	74724670
Mettl16	11	74770830	74828525
Mnt	11	74830920	74845725
Sgsm2	11	74849261	74897060
Tsr1	11	74898071	74909342
Srr	11	74906359	74925948
Smg6	11	74925823	75164448
Hic1	11	75164565	75169519
Ovca2	11	75175942	75178835
Rtn4rl1	11	75193783	75267769
Rpa1	11	75298166	75348324
Smyd4	11	75348433	75405705
Serpinf1	11	75409769	75422701
Wdr81	11	75440944	75454717
Tlcd2	11	75461715	75470899
Prpf8	11	75486816	75509449
Scarf1	11	75513540	75526582
Slc43a2	11	75531694	75577575
Pitpna	11	75588097	75628804
Inpp5k	11	75630988	75648871
Myo1c	11	75650504	75673910
Crk	11	75679259	75706908
Ywhae	11	75732869	75765845
Rph3al	11	75830999	75938429
Rflnb	11	76019194	76027782
Vps53	11	76046226	76179647
Glod4	11	76120987	76243725
Fam57a	11	76179671	76214827
Mrm3	11	76243715	76250619
Nxn	11	76257198	76399140
Timm22	11	76406952	76416292
Abr	11	76416734	76623558
Gosr1	11	76726602	76763579
Cpd	11	76778424	76847018
Tmigd1	11	76902159	76916587
Blmh	11	76924809	76987379
Nsrp1	11	77044292	77078435
Ssh2	11	77216287	77460220
Ankrd13b	11	77470485	77489678
Git1	11	77493562	77507786
Trp53i13	11	77508099	77515980
Taok1	11	77529162	77607815
Nufip2	11	77686155	77741921
Myo18a	11	77763246	77865980
Phf12	11	77982754	78030539
Dhrs13	11	78032280	78037866
Flot2	11	78037931	78060434
Eral1	11	78073376	78080383
Fam222b	11	78094660	78156700
Traf4	11	78158499	78165589
Nek8	11	78166106	78176675
Tlcd1	11	78176711	78181909
Rab34	11	78188430	78192193
Supt6	11	78206746	78245987
Sdf2	11	78245746	78255496
2610507B11Rik	11	78261752	78290623
Spag5	11	78301529	78322457
Aldoc	11	78322968	78327781
Pigs	11	78328415	78342782
Unc119	11	78343482	78349164
Slc13a2	11	78397087	78422217
Slc46a1	11	78465697	78472059
Tmem199	11	78507055	78512172
Poldip2	11	78512193	78522736
Tnfaip1	11	78522850	78536332
Ift20	11	78536361	78541737
Tmem97	11	78541817	78550777
Nlk	11	78567168	78697373
Lyrm9	11	78826584	78846870
Nos2	11	78920787	78960254
Lgals9	11	78962974	78984946
Ksr1	11	79013440	79146407
Wsb1	11	79239372	79254671
Nf1	11	79339693	79581612
Evi2a	11	79526560	79530609
Rab11fip4	11	79591212	79698023
Utp6	11	79932321	79962390
Suz12	11	79993106	80034123
Crlf3	11	80046493	80080991
Atad5	11	80089400	80135794
Tefm	11	80136678	80142175
Adap2	11	80154105	80178958
Rnf135	11	80183851	80199757
Rhot1	11	80209019	80267907
5730455P16Rik	11	80360492	80378034
Zfp207	11	80383279	80405733
Psmd11	11	80428615	80473248
Cdk5r1	11	80477023	80481184
Myo1d	11	80482126	80780025
Tmem98	11	80810175	80822033
Ccl2	11	82035571	82037453
Ccl7	11	82045712	82047525
Ccl12	11	82101845	82103400
Ccl8	11	82115185	82116799
Zfp830	11	82764345	82765935
Lig3	11	82781108	82804274
Rffl	11	82802449	82871210
Rad51d	11	82876434	82890614
Nle1	11	82900768	82908411
Slfn5	11	82951349	82964840
Slfn9	11	82978390	82991830
Slfn8	11	83002158	83020810
Slfn2	11	83065112	83070678
Slfn1	11	83116849	83122670
Slfn4	11	83175186	83190216
Pex12	11	83294642	83302586
Ap2b1	11	83299024	83405035
1700020L24Rik	11	83437677	83441233
Taf15	11	83473086	83506743
Ccl5	11	83525778	83530518
Ccl9	11	83572919	83578636
Ccl6	11	83587882	83593087
Ccl3	11	83647844	83649355
Ccl4	11	83662584	83664683
Wfdc17	11	83703991	83706268
Wfdc18	11	83709015	83711348
Wfdc21	11	83746940	83752642
Heatr6	11	83753696	83783754
Hnf1b	11	83850063	83905819
Ddx52	11	83942062	83963088
Synrg	11	83964428	84044578
Dusp14	11	84048041	84069261
Tada2a	11	84078920	84129600
Acaca	11	84129672	84401651
Aatf	11	84422855	84513522
Mrm1	11	84813061	84819515
Dhrs11	11	84820856	84828994
Ggnbp2	11	84832361	84870817
Pigw	11	84876315	84880285
Myo19	11	84880148	84911226
Znhit3	11	84910950	84916366
Car4	11	84957786	84966044
Usp32	11	84984442	85140161
Appbp2	11	85187262	85235130
Ppm1d	11	85311244	85347066
Bcas3	11	85353167	85826058
Tbx2	11	85832551	85841948
Brip1	11	86058138	86201193
Ints2	11	86210681	86257575
Med13	11	86267033	86357602
Rnft1	11	86484657	86499025
Tubd1	11	86544991	86567360
Vmp1	11	86583865	86683836
Ptrh2	11	86683985	86692457
Cltc	11	86694351	86757565
Dhx40	11	86768846	86807746
Ypel2	11	86936425	86993707
Gdpd1	11	87033867	87074062
Smg8	11	87077732	87086774
Prr11	11	87089153	87108708
Ska2	11	87109234	87124635
Trim37	11	87127077	87220683
Rad51c	11	87376645	87404954
Mtmr4	11	87592162	87616302
Rnf43	11	87662722	87735539
Supt4a	11	87737552	87743623
Mpo	11	87793581	87804413
Dynll2	11	87979525	87987533
Srsf1	11	88047373	88053755
Vezf1	11	88068279	88084729
Cuedc1	11	88098058	88194140
Msi2	11	88339382	88718513
Akap1	11	88830792	88864586
Scpep1	11	88924020	88955465
Coil	11	88970252	88991613
Trim25	11	88999376	89020293
Dgke	11	89035179	89066850
Pctp	11	89982665	90002894
Tmem100	11	90030348	90036508
Gm45716	11	90187683	90251255
Mmd	11	90249456	90278589
Stxbp4	11	90476492	90638084
Cox11	11	90638173	90644931
Tom1l1	11	90643465	90688366
Utp18	11	93859243	93885766
Mbtd1	11	93885852	93946985
Nme1	11	93956979	93968521
Spag9	11	93996091	94126085
Tob1	11	94211454	94215495
Luc7l3	11	94287890	94321988
Ankrd40	11	94328001	94341841
Abcc3	11	94343295	94392997
Epn3	11	94489599	94499974
Rsad1	11	94539798	94549255
Lrrc59	11	94629767	94645216
Eme1	11	94644996	94653964
Xylt2	11	94663851	94677515
Col1a1	11	94936224	94953042
Ppp1r9b	11	94991035	95006899
Samd14	11	95009879	95026087
Pdk2	11	95026258	95041354
Itga3	11	95044474	95076801
Kat7	11	95274259	95310246
Fam117a	11	95337018	95381872
Slc35b1	11	95384692	95391776
Spop	11	95414080	95493406
Phb	11	95666957	95680773
Zfp652	11	95712673	95835115
Abi3	11	95830074	95842476
Gngt2	11	95837216	95845734
B4galnt2	11	95865943	95914891
Igf2bp1	11	95957163	96005940
Snf8	11	96034885	96047430
Ube2z	11	96047432	96065388
Atp5g1	11	96068852	96075670
Hoxb8	11	96281905	96285315
Hoxb5	11	96303336	96306121
Hoxb4	11	96318267	96321638
Hoxb3	11	96323326	96347930
Skap1	11	96464593	96759130
Snx11	11	96767555	96777559
Cbx1	11	96789127	96808640
Nfe2l1	11	96817414	96829968
Copz2	11	96849870	96861203
Cdk5rap3	11	96907426	96916496
Prr15l	11	96928104	96937830
Pnpo	11	96937825	96943986
Sp2	11	96953341	96982959
Scrn2	11	97029938	97033958
Osbpl7	11	97050628	97068904
Tbkbp1	11	97136171	97151495
Kpnb1	11	97159714	97187881
Npepps	11	97205842	97280638
Socs7	11	97362435	97398542
Arhgap23	11	97415533	97502402
Epop	11	97627389	97629702
Mllt6	11	97663414	97685463
Cisd3	11	97685826	97688621
Pcgf2	11	97688823	97700497
Psmb3	11	97703399	97713500
Pip4k2b	11	97715157	97744704
Cwc25	11	97745481	97766556
Lasp1	11	97799000	97838764
Arl5c	11	97989578	97996181
Stac2	11	98036623	98053462
Fbxl20	11	98082556	98150403
Med1	11	98152154	98193293
Cdk12	11	98203059	98278504
Ppp1r1b	11	98348404	98357796
Stard3	11	98358368	98381112
Pgap3	11	98388677	98400490
Erbb2	11	98412470	98437716
Mien1	11	98437708	98438991
Grb7	11	98446394	98455373
Ikzf3	11	98464902	98546031
Ormdl3	11	98581256	98587368
Gm12355	11	98624351	98625661
Psmd3	11	98682554	98695979
Med24	11	98704591	98729435
Thra	11	98740638	98769006
Nr1d1	11	98767932	98775333
Msl1	11	98795516	98807859
Casc3	11	98804905	98833814
Wipf2	11	98863638	98905040
Cdc6	11	98907801	98923940
Rara	11	98927818	98974942
Top2a	11	98992943	99024189
Igfbp4	11	99041244	99054392
Tns4	11	99065678	99089306
Ccr7	11	99144196	99155077
Smarce1	11	99209047	99231017
Krt10	11	99385254	99389364
Krt20	11	99428403	99438150
Krt23	11	99477974	99493137
Krt13	11	100117327	100121566
Krt15	11	100131758	100135928
Krt19	11	100140810	100148665
Krt14	11	100203162	100207548
Eif1	11	100319885	100322096
Hap1	11	100347327	100356128
Jup	11	100368958	100397763
P3h4	11	100408456	100414836
Fkbp10	11	100415697	100424824
Nt5c3b	11	100422321	100441808
Acly	11	100476353	100528000
Cnp	11	100574904	100591729
Dnajc7	11	100582818	100620168
Nkiras2	11	100619244	100627607
Dhx58	11	100694884	100704271
Kat2a	11	100704746	100712465
Rab5c	11	100715009	100738215
Ghdc	11	100766032	100770957
Stat5b	11	100780731	100850724
Stat5a	11	100859351	100885169
Stat3	11	100885098	100939540
Atp6v0a1	11	101009452	101063719
Naglu	11	101070012	101077672
Coasy	11	101082565	101086619
Mlx	11	101087277	101092207
Psmc3ip	11	101091823	101095436
Tubg1	11	101119938	101126419
Plekhh3	11	101162679	101171351
Ezh1	11	101191115	101226463
Vps25	11	101253707	101259549
Wnk4	11	101260567	101277409
Coa3	11	101277968	101279114
Becn1	11	101285952	101302286
Psme3	11	101316213	101323537
Gm27029	11	101406664	101424796
Ptges3l	11	101418812	101425333
Rundc1	11	101425085	101435673
Ifi35	11	101448407	101458698
Vat1	11	101458745	101466230
Rnd2	11	101464999	101471853
Brca1	11	101488764	101551955
Nbr1	11	101552149	101581951
Tmem106a	11	101582242	101591788
Rdm1	11	101627195	101636100
Arl4d	11	101665541	101667832
Dhx8	11	101732919	101767358
Etv4	11	101769742	101785371
Dusp3	11	101971143	101987013
Cd300lg	11	102041509	102055620
Tmem101	11	102152546	102156404
Lsm12	11	102162497	102185296
G6pc3	11	102189620	102194081
Hdac5	11	102194432	102230166
BC030867	11	102248882	102265187
Tmub2	11	102284931	102289237
Atxn7l3	11	102289300	102296631
Ubtf	11	102304560	102319742
Slc4a1	11	102348824	102366203
Slc25a39	11	102402985	102407946
Grn	11	102430315	102437048
Fam171a2	11	102436981	102447682
Itga2b	11	102453297	102470122
Gpatch8	11	102475915	102556392
Fzd2	11	102604396	102608058
Ccdc43	11	102684686	102697782
Eftud2	11	102838473	102880985
Kif18b	11	102905529	102925124
Dcakd	11	102994047	103028333
Nmt1	11	103028190	103068912
Plcd3	11	103070304	103101658
Acbd4	11	103101682	103112200
Hexim1	11	103116231	103119725
Hexim2	11	103132429	103139876
Fmnl1	11	103171107	103198901
Map3k14	11	103219762	103267472
Arhgap27	11	103331497	103363692
Plekhm1	11	103364275	103412687
Gosr2	11	103676849	103697898
Nsf	11	103821782	103954056
Arf2	11	103966739	103985337
Mapt	11	104231390	104332090
Kansl1	11	104333229	104468861
Cdc27	11	104502745	104550620
Myl4	11	104550663	104595753
Itgb3	11	104608000	104670476
Mettl2	11	105126425	105140394
Tlk2	11	105178807	105283959
Tanc2	11	105589986	105929304
Cyb561	11	105933702	105953336
Ace	11	105967945	105989964
Dcaf7	11	106036872	106059324
Map3k3	11	106084613	106155446
Limd2	11	106156256	106160860
Strada	11	106163330	106202168
Ccdc47	11	106197408	106216344
Ddx42	11	106216926	106249139
Ftsj3	11	106249142	106256079
Psmc5	11	106256154	106263120
Smarcd2	11	106263179	106272972
Cd79b	11	106311341	106314762
Icam2	11	106377656	106388075
Ern1	11	106394650	106487852
Tex2	11	106502147	106613423
Pecam1	11	106654217	106750628
Milr1	11	106751226	106768794
Polg2	11	106768253	106779537
Ddx5	11	106780355	106789185
Cep95	11	106789252	106819930
Smurf2	11	106820066	106920715
Bptf	11	107033081	107132127
Nol11	11	107166663	107189381
Pitpnc1	11	107207892	107470699
Psmd12	11	107479484	107504362
Helz	11	107547930	107693826
Prkca	11	107933387	108343928
Axin2	11	108920349	108950783
Gna13	11	109362831	109401369
Amz2	11	109425946	109452813
Slc16a6	11	109450855	109473598
Arsg	11	109473374	109573330
Wipi1	11	109573331	109611967
Prkar1a	11	109649405	109669656
Fam20a	11	109669749	109722279
Abca9	11	110100749	110168196
Abca5	11	110269369	110337716
Map2k6	11	110399122	110525522
Kcnj2	11	111066164	111076821
Sox9	11	112782224	112787760
Slc39a11	11	113244853	113650079
Cog1	11	113649169	113667054
Fam104a	11	113661319	113684155
D11Wsu47e	11	113684412	113694647
Cdc42ep4	11	113726850	113751881
Ttyh2	11	114675431	114720977
Cd300a	11	114890041	114904654
Cd300lb	11	114922781	114934386
Cd300ld	11	114982274	114989922
Cd300c2	11	114996721	115001880
Rab37	11	115091431	115162236
Cd300lf	11	115116214	115133992
Slc9a3r1	11	115163341	115181181
Nat9	11	115182832	115187859
Tmem104	11	115187487	115247023
Fdxr	11	115268024	115277050
Fads6	11	115279622	115297663
Ush1g	11	115315192	115322041
Otop3	11	115334731	115346927
Hid1	11	115347707	115367756
Cdr2l	11	115381916	115396132
Atp5h	11	115415689	115419962
Kctd2	11	115420128	115431274
Armc7	11	115475667	115490467
Nt5c	11	115490420	115491862
Sumo2	11	115523102	115536276
Nup85	11	115564434	115583985
Gga3	11	115584255	115604051
Mif4gd	11	115607918	115612969
Slc25a19	11	115614178	115628295
Grb2	11	115644045	115708597
Tmem94	11	115765433	115799366
Caskin2	11	115799183	115813639
Tsen54	11	115814724	115823094
Llgl2	11	115824049	115855780
Myo15b	11	115858406	115892603
Recql5	11	115892595	115933477
Smim5	11	115899966	115906269
Smim6	11	115912017	115913920
Sap30bp	11	115933282	115966725
Itgb4	11	115974709	116008412
Galk1	11	116008457	116012719
H3f3b	11	116021912	116027962
Unk	11	116030322	116061214
Unc13d	11	116062095	116077961
Wbp2	11	116078573	116086995
Trim47	11	116105752	116127210
Trim65	11	116121846	116131128
Fbf1	11	116142285	116168166
Acox1	11	116171888	116199045
Ten1	11	116198855	116215318
Evpl	11	116220559	116238077
Srp68	11	116245166	116274217
Exoc7	11	116288001	116307233
Rnf157	11	116336353	116413032
Ubald2	11	116434094	116439077
Sphk1	11	116530925	116536674
Ube2o	11	116537740	116581447
Rhbdf2	11	116598165	116627019
Cygb	11	116645595	116654313
1810032O08Rik	11	116671660	116675799
Jmjd6	11	116837432	116843449
Mettl23	11	116843278	116854263
Srsf2	11	116849901	116853094
Mfsd11	11	116852440	116875635
Sec14l1	11	117115168	117159268
Sept9	11	117199661	117362325
Tnrc6c	11	117654289	117763439
Tmc6	11	117765988	117782198
Tmc8	11	117782076	117793110
6030468B19Rik	11	117797660	117807301
Syngr2	11	117809668	117814283
Tk1	11	117815526	117826092
Birc5	11	117849251	117855743
Socs3	11	117966079	117970047
Pgs1	11	117986292	118024011
Cyth1	11	118132019	118248592
Usp36	11	118259651	118290244
Timp2	11	118301069	118355740
Lgals3bp	11	118392751	118402092
Cant1	11	118406289	118419086
Engase	11	118476829	118489209
Cbx2	11	119022962	119031270
Cbx8	11	119036305	119040969
Cbx4	11	119077573	119086221
Tbc1d16	11	119143045	119228499
Gaa	11	119267887	119285454
Eif4a3	11	119288363	119300089
Card14	11	119307768	119345375
Sgsh	11	119343425	119355536
Slc26a11	11	119355557	119381079
Rnf213	11	119393100	119487418
Endov	11	119491347	119511437
Nptx1	11	119538719	119547753
Rptor	11	119602905	119899576
Chmp6	11	119913441	119919548
Baiap2	11	119942763	120006782
Cep131	11	120064430	120086827
Tepsin	11	120090531	120098731
Ndufaf8	11	120098928	120100705
Slc38a10	11	120103960	120151346
Bahcc1	11	120232947	120292296
Faap100	11	120369055	120378764
Nploc4	11	120380370	120437708
Ccdc137	11	120458115	120464358
Arl16	11	120464866	120467607
Hgs	11	120467635	120483979
Slc25a10	11	120491840	120499187
P4hb	11	120560298	120573253
Arhgdia	11	120578104	120581624
Alyref	11	120592121	120598365
Anapc11	11	120598421	120608198
Pcyt2	11	120610087	120617936
Sirt7	11	120618372	120625240
Mafg	11	120625117	120633600
Pycr1	11	120635712	120643769
Aspscr1	11	120672973	120709447
Cenpx	11	120710942	120713738
Lrrc45	11	120713925	120721128
Rac3	11	120721470	120723969
Dcxr	11	120725399	120727281
Cbr2	11	120729489	120732114
Rfng	11	120780746	120784207
Gps1	11	120784272	120789102
Dus1l	11	120789201	120796403
Fasn	11	120805846	120824547
Slc16a3	11	120948480	120960868
Csnk1d	11	120961749	120991330
Cd7	11	121036747	121039418
Ogfod3	11	121177591	121204711
Hexdc	11	121204433	121222655
Narf	11	121237253	121255856
Foxk2	11	121259990	121309896
Wdr45b	11	121327224	121354445
Fn3krp	11	121421401	121431288
Fn3k	11	121434913	121450491
Tbcd	11	121451949	121617164
B3gntl1	11	121616197	121673153
Metrnl	11	121701544	121716306
Rab10	12	3247428	3309969
Kif3c	12	3365132	3406494
Asxl2	12	3426857	3506852
Dtnb	12	3572381	3781796
Dnmt3a	12	3806007	3914443
Adcy3	12	4133103	4213525
Cenpo	12	4196004	4234294
Ptrhd1	12	4234027	4239950
Ncoa1	12	4247362	4477182
Itsn2	12	4592638	4713962
Sf3b6	12	4817544	4827659
Fkbp1b	12	4833174	4841591
Wdcp	12	4843303	4860043
Mfsd2b	12	4862440	4874359
Ubxn2a	12	4879032	4907705
Atad2b	12	4917353	5047394
Apob	12	7977648	8016835
Ldah	12	8208107	8285759
Hs1bp3	12	8313432	8343824
Rhob	12	8497661	8500009
Pum2	12	8674134	8752581
Sdc1	12	8771323	8793715
Laptm4a	12	8921664	8938742
Wdr35	12	8973892	9028847
Ttc32	12	9029997	9041988
Osr1	12	9570116	9581500
Rdh14	12	10390772	10395562
Gen1	12	11238920	11265801
Smc6	12	11265886	11319785
Fam49a	12	12262139	12380965
Mycn	12	12936093	12941914
Ddx1	12	13216973	13249213
Nbas	12	13269133	13583811
Fam84a	12	14146830	14152054
Trib2	12	15791727	15816922
Lpin1	12	16535669	16610966
E2f6	12	16810963	16839742
Rock2	12	16894895	16987823
Pqlc3	12	16988648	17000408
Pdia6	12	17266545	17284770
Nol10	12	17348458	17430095
Odc1	12	17544794	17551505
Hpcal1	12	17690856	17791933
Asap2	12	20990459	21270171
Itgb1bp1	12	21240825	21286284
Cpsf3	12	21285391	21315056
Iah1	12	21316389	21323819
Adam17	12	21323509	21373632
Ywhaq	12	21390071	21417637
Taf1b	12	24498359	24558539
Klf11	12	24651274	24662789
Rrm2	12	24708241	24714146
Mboat2	12	24830879	24964397
Kidins220	12	24974925	25063152
Id2	12	25093799	25097140
Rnf144a	12	26300964	26415254
Rsad2	12	26442746	26456452
Cmpk2	12	26469204	26479837
Sox11	12	27334264	27342574
Rnaseh1	12	28649602	28659589
Adi1	12	28675231	28682175
Trappc12	12	28690628	28750472
Pxdn	12	29937608	30017658
Tmem18	12	30584426	30591215
Acp1	12	30893326	30911589
Sh3yl1	12	30911668	30960162
Fam110c	12	31073861	31080251
Lamb1	12	31265234	31329644
Dld	12	31331277	31351453
Cbll1	12	31484829	31499616
Bcap29	12	31590967	31634658
Dus4l	12	31640050	31654826
Cog5	12	31654869	31937630
Hbp1	12	31926254	31950535
Prkar2b	12	31958476	32061296
Pik3cg	12	32173473	32208659
Ccdc71l	12	32378704	32382943
Nampt	12	32819545	32853349
Sypl	12	32953891	32979860
Atxn7l1	12	33147693	33373185
Twistnb	12	33429635	33441392
Hdac9	12	34047580	34917095
Snx13	12	35047186	35147479
Ahr	12	35497974	35535038
Agr2	12	35992907	36004087
Tspan13	12	36014557	36042500
Bzw2	12	36091835	36158080
Ankmy2	12	36157114	36197291
Etv1	12	38779380	38870484
Arl4a	12	40005447	40038025
Ifrd1	12	40201567	40248504
Zfp277	12	40315046	40445902
Dock4	12	40445952	40846874
Immp2l	12	41024090	41955588
Dnajb9	12	44205559	44210326
Pnpla8	12	44221370	44322532
Stxbp6	12	44852484	45074709
Nova1	12	46694517	46818929
Foxg1	12	49382660	49386861
G2e3	12	51348061	51376986
Scfd1	12	51377510	51450101
Strn3	12	51609632	51691897
Ap4s1	12	51691033	51744786
Hectd1	12	51743722	51829536
Heatr5a	12	51875871	51971321
Dtd2	12	51988312	52006501
Nubpl	12	52097737	52312744
Arhgap5	12	52503972	52571975
Egln3	12	54178981	54203860
Sptssa	12	54645392	54656573
Eapp	12	54670340	54695897
Snx6	12	54746349	54795703
Cfl2	12	54858809	54862877
Baz1a	12	54892989	55014348
2700097O09Rik	12	55045661	55080110
Ppp2r3c	12	55278991	55302998
1110008L16Rik	12	55299577	55382533
Psma6	12	55384222	55418454
Nfkbia	12	55489410	55492647
Ralgapa1	12	55602896	55821167
Brms1l	12	55836324	55869736
Mbip	12	56328303	56345894
Pax9	12	56691767	56712822
Slc25a21	12	56712634	57197472
Mipol1	12	57230427	57497199
Foxa1	12	57540628	57546916
Sec23a	12	58958383	59012017
Gemin2	12	59013393	59028470
Trappc6b	12	59043092	59061472
Pnn	12	59066884	59073998
Fbxo33	12	59200655	59219725
Gm527	12	64917906	64924592
Klhl28	12	64938833	64965534
Prpf39	12	65036333	65063386
Fkbp3	12	65062424	65074007
Fancm	12	65075603	65132058
Mis18bp1	12	65132734	65172604
Lrr1	12	69168814	69179009
Mgat2	12	69184157	69186770
Dnaaf2	12	69189087	69198429
9330151L19Rik	12	69197211	69199867
Pole2	12	69201773	69228195
Klhdc1	12	69241176	69284632
Klhdc2	12	69296681	69310687
Nemf	12	69310522	69357165
Arf6	12	69372150	69373783
Vcpkmt	12	69577628	69583110
Sos2	12	69583762	69681852
L2hgdh	12	69690433	69724873
Map4k5	12	69803750	69893200
Sav1	12	69965012	69987002
Nin	12	70011435	70113717
Pygl	12	70190811	70231488
Tmx1	12	70453095	70468040
Frmd6	12	70825514	70902234
Actr10	12	70937857	70964718
Psma3	12	70974621	70996347
Arid4a	12	71015990	71098592
Timm9	12	71123173	71136684
2700049A03Rik	12	71136848	71243303
Dact1	12	71309884	71320107
Daam1	12	71831078	71992333
L3hypdh	12	72073428	72085439
Jkamp	12	72085589	72101461
Pcnx4	12	72536383	72580119
Dhrs7	12	72650353	72664909
Ppm1a	12	72757455	72799819
Mnat1	12	73123717	73273988
Trmt5	12	73280011	73286710
Slc38a6	12	73286779	73354049
Prkch	12	73584796	73778185
Hif1a	12	73901375	73947530
Snapc1	12	73964481	73988966
Syt16	12	73997661	74273267
Rhoj	12	75308322	75401456
Ppp2r5e	12	75450881	75596245
Wdr89	12	75630596	75669537
Sgpp1	12	75714249	75735729
Syne2	12	75818134	76110926
Mthfd1	12	76255298	76319803
Zbtb25	12	76347782	76369602
Zbtb1	12	76370266	76396950
Hspa2	12	76404176	76406938
Plekhg3	12	76530891	76580488
Sptb	12	76580488	76710547
Churc1	12	76765538	76783180
Fntb	12	76765589	76921412
Gpx2	12	76792333	76795554
Max	12	76937269	76962201
Fut8	12	77238125	77476338
Gphn	12	78226379	78684772
Mpp5	12	78748907	78840714
Atp6v1d	12	78840725	78861638
Eif2s1	12	78861819	78887010
Plek2	12	78888691	78906964
Tmem229b	12	78961795	79007627
Plekhh1	12	79029163	79081655
Pigh	12	79080664	79089651
Arg2	12	79130777	79156301
Vti1b	12	79156017	79172667
Rdh11	12	79174337	79192293
Rdh12	12	79208914	79222665
Zfyve26	12	79232346	79296304
Zfp36l1	12	80107754	80113013
Actn1	12	80167547	80260371
Dcaf5	12	80335848	80436601
Exd2	12	80463095	80500227
Slc39a9	12	80643883	80683342
Susd6	12	80790510	80880835
Srsf5	12	80945504	80950507
Cox16	12	81359026	81485127
Synj2bp	12	81497941	81532911
Med6	12	81573557	81595008
Ttc9	12	81631249	81667557
Map3k9	12	81721010	81781175
Pcnx	12	81860023	82000924
Sipa1l1	12	82169320	82451786
Dpf3	12	83213745	83487716
Dcaf4	12	83520466	83541920
Zfyve1	12	83546558	83597222
Rbm25	12	83631236	83683123
Psen1	12	83688152	83735199
Numb	12	83794034	83921934
Riox1	12	83950608	83952951
Acot2	12	83987861	83993873
Acot1	12	84009490	84018371
Dnal1	12	84114366	84147498
Elmsan1	12	84149176	84218881
Ptgr2	12	84285232	84315832
Zfp410	12	84316852	84343723
Coq6	12	84361657	84373796
Entpd5	12	84373857	84409029
Rnf113a2	12	84417196	84418578
Aldh6a1	12	84430717	84451004
Lin52	12	84451422	84546145
Abcd4	12	84601464	84617413
Npc2	12	84754562	84773152
Isca2	12	84773251	84775088
Arel1	12	84918148	84970900
Fcf1	12	84970897	84983303
Ylpm1	12	84996321	85070515
Dlst	12	85110833	85134845
Pgf	12	85166635	85177790
Eif2b2	12	85219481	85226628
Mlh3	12	85234520	85270599
Acyp1	12	85272398	85288438
Nek9	12	85299514	85339362
Tmed10	12	85340614	85374847
Fos	12	85473890	85477273
Jdp2	12	85599027	85639878
Batf	12	85686669	85709087
Ttll5	12	85824659	86061893
Tgfb3	12	86056745	86079041
Ift43	12	86082541	86162459
Gpatch2l	12	86241858	86291784
Irf2bpl	12	86880701	86884798
Cipc	12	86947043	86965362
Pomt2	12	87106861	87147968
Gstz1	12	87147165	87164723
Tmed8	12	87166237	87200454
Vipas39	12	87238868	87266256
Ahsa1	12	87266479	87273998
Sptlc2	12	87305058	87388355
Alkbh1	12	87425840	87444017
Slirp	12	87443896	87452206
Snw1	12	87449075	87472274
Adck1	12	88360554	88461724
Nrxn3	12	88722876	90334935
Cep128	12	90998492	91384409
Gtf2a1	12	91555262	91590487
Sel1l	12	91806043	91849157
Flrt2	12	95692226	95785215
Galc	12	98202294	98259459
Gpr65	12	98268635	98276644
Spata7	12	98628157	98669815
Ptpn21	12	98676741	98737405
Zc3h14	12	98746964	98787753
Eml5	12	98786805	98901484
Ttc8	12	98920574	98983238
Foxn3	12	99190078	99563582
Tdp1	12	99884517	99955219
Kcnk13	12	99964499	100062682
Psmc1	12	100110154	100123405
Nrde2	12	100125452	100159653
Calm1	12	100199435	100209814
Ttc7b	12	100300770	100520826
Gpr68	12	100876682	100908198
Ccdc88c	12	100911523	101029056
Ppp4r3a	12	101039409	101083702
Tc2n	12	101645443	101718523
Trip11	12	101834043	101913267
Atxn3	12	101918901	101958246
Cpsf2	12	101975988	102006424
Rin3	12	102283048	102390855
Lgmn	12	102394084	102439813
Golga5	12	102469135	102497907
Itpk1	12	102568582	102704930
Gm20604	12	102741732	102758672
Tmem251	12	102743762	102747561
Gon7	12	102753275	102757803
Ubr7	12	102757967	102777707
Btbd7	12	102780797	102878471
Asb2	12	103321142	103356001
Otub2	12	103388682	103406350
Ddx24	12	103407982	103425830
Ifi27	12	103434211	103440239
Ifi27l2a	12	103442167	103443680
Ifi27l2b	12	103450898	103457223
Serpina3g	12	104236245	104241939
Serpina3n	12	104406729	104414329
Dicer1	12	104687742	104751952
Clmn	12	104763117	104865076
Syne3	12	104929933	105009809
Glrx5	12	105032688	105042906
Atg2b	12	105616136	105685211
Gskip	12	105684829	105703023
Papola	12	105784694	105838944
Vrk1	12	106010228	106077426
Bcl11b	12	107910403	108003602
Setd3	12	108106431	108179314
Ccnk	12	108179579	108203359
Eml1	12	108370957	108539617
Evl	12	108554720	108688516
Degs2	12	108678711	108702315
Yy1	12	108792973	108820148
Wars	12	108860030	108894174
Ppp2r5c	12	110447120	110583062
Dync1h1	12	110601452	110666945
Hsp90aa1	12	110690605	110702728
Wdr20	12	110737944	110804238
Zfp839	12	110850253	110869996
Cinp	12	110872610	110889145
Tecpr2	12	110889264	110972394
Ankrd9	12	110975353	110979040
Rcor1	12	111039351	111115901
Traf3	12	111166370	111267153
Cdc42bpb	12	111292976	111377718
Exoc3l4	12	111417017	111431678
Tnfaip2	12	111442469	111455018
Eif5	12	111538016	111546752
Mark3	12	111574523	111656221
Ckb	12	111669361	111672338
Trmt61a	12	111678105	111683902
Bag5	12	111709488	111713257
Apopt1	12	111713261	111755053
Klc1	12	111758849	111807844
Xrcc3	12	111803192	111813873
Zfyve21	12	111814170	111832192
Ppp1r13b	12	111828457	111908110
Inf2	12	112588784	112615557
Adssl1	12	112620045	112641360
Siva1	12	112644679	112649149
Akt1	12	112653821	112674884
Zbtb42	12	112678828	112682747
Cep170b	12	112720455	112746592
Pld4	12	112760655	112768990
Ahnak2	12	112772194	112802657
Cdca4	12	112820229	112829423
Gpr132	12	112850873	112868228
Nudt14	12	112934291	112942124
Brf1	12	112960085	113000704
Btbd6	12	112976482	112978945
Pacs2	12	113014508	113074401
Mta1	12	113098278	113137206
Crip2	12	113140236	113145506
Crip1	12	113146316	113153879
Zfp386	12	116047724	116063360
Wdr60	12	116206262	116263022
Esyt2	12	116281196	116391050
Ncapg2	12	116405402	116463731
Cdca7l	12	117804289	117878706
Sp4	12	118234933	118301440
Itgb8	12	119158022	119238802
Gdi2	13	3538063	3567871
Asb13	13	3634032	3653822
Calml3	13	3802896	3804316
Net1	13	3882018	3918220
Akr1c13	13	4191150	4205596
Akr1c19	13	4228700	4252843
Akr1c12	13	4268176	4279433
Akr1e1	13	4590750	4609174
Klf6	13	5861482	5870394
Pitrm1	13	6548149	6580515
Pfkp	13	6579768	6648777
Wdr37	13	8802968	8871909
Gtpbp4	13	8966331	8996083
Larp4b	13	9093881	9174451
Dip2c	13	9276528	9668928
Zmynd11	13	9684833	9765330
Mtr	13	12182712	12258113
Heatr1	13	12395027	12440289
Lgals8	13	12439415	12464944
Ero1lb	13	12565874	12611396
Gpr137b	13	13357620	13394014
Nid1	13	13437551	13512269
Lyst	13	13590397	13778803
B3galnt2	13	13954469	13999103
Tbce	13	13997949	14039638
Ggps1	13	14050659	14063488
Arid4b	13	14063232	14199603
Psma2	13	14613240	14674236
AW209491	13	14630154	14639096
Gli3	13	15463235	15730026
Inhba	13	16011851	16031621
Mplkip	13	17695192	17699748
Cdk13	13	17710315	17805097
Rala	13	17880571	17944239
Yae1d1	13	17981330	17993349
Vdac3-ps1	13	18030741	18031593
Vps41	13	18717286	18866811
Stard3nl	13	19357676	19395795
Epdr1	13	19591706	19619927
Sfrp4	13	19623104	19632994
Gpr141	13	19749682	19824257
Elmo1	13	20090596	20608353
Aoah	13	20794113	21036617
Trim27	13	21179445	21194724
Zscan12	13	21362820	21372289
Zkscan3	13	21387003	21402755
Pgbd1	13	21421275	21441058
Zscan26	13	21442180	21453730
Zkscan8	13	21513222	21531120
Hist1h1b	13	21779883	21780625
Hist1h2an	13	21786826	21787218
Hist1h4i	13	22040636	22041362
Zfp322a	13	23353103	23369208
Abt1	13	23418361	23423866
Hist1h4h	13	23531050	23531519
Hist1h2be	13	23583670	23621124
Hist1h1e	13	23620629	23622558
Hist1h2bc	13	23684199	23692908
Hfe	13	23702034	23710854
Hist1h1c	13	23738808	23740367
Slc17a4	13	23895890	23915009
Carmil1	13	24012344	24280795
Cmah	13	24327404	24477377
Gmnn	13	24751845	24761923
BC005537	13	24801657	24816197
Acot13	13	24817948	24831540
Tdp2	13	24831679	24842153
Mrs2	13	24987483	25020379
Hdgfl1	13	26768173	26770165
Sox4	13	28948919	28953713
Cdkal1	13	29191746	29855674
E2f3	13	29906575	29986063
Mboat1	13	30136489	30246717
Uqcrfs1	13	30540308	30545362
Dusp22	13	30659999	30711231
Irf4	13	30749226	30766976
Exoc2	13	30813919	30974093
A530084C06Rik	13	31556134	31559333
Foxq1	13	31556134	31560976
Foxf2	13	31625816	31631403
Foxc1	13	31806633	31812476
Gmds	13	31819579	32338740
Wrnip1	13	32802038	32822609
Serpinb1a	13	32842092	32851185
Serpinb6b	13	32965209	32979067
Serpinb9	13	33003250	33017957
Serpinb6a	13	33917918	34002794
Nqo2	13	33964687	33988443
Ripk1	13	34002363	34037147
Bphl	13	34037597	34074074
Tubb2a	13	34074274	34078007
Tubb2b	13	34126748	34130466
Psmg4	13	34162964	34178173
Slc22a23	13	34179158	34345182
Pxdc1	13	34627834	34653486
Prpf4b	13	34875302	34906064
Eci2	13	34977748	35027096
Cdyl	13	35659833	35874063
Lyrm4	13	35978395	36117526
Fars2	13	36117412	36726280
Nrn1	13	36725361	36735131
F13a1	13	36867178	37050244
Ly86	13	37345208	37419036
Rreb1	13	37778400	37952005
Ssr1	13	37966605	37994217
Riok1	13	38036995	38061433
Dsp	13	38151294	38198577
Snrnp48	13	38204938	38227665
Txndc5	13	38500079	38528824
Bloc1s5	13	38592842	38635109
Eef1e1	13	38644207	38659058
Slc35b3	13	38932136	38960875
Tfap2a	13	40715302	40738376
Gcnt2	13	40859754	40960892
Pak1ip1	13	41001023	41013015
Tmem14c	13	41016292	41022586
Smim13	13	41249844	41276577
Nedd9	13	41309581	41487362
Tmem170b	13	41605907	41641355
Hivep1	13	42052021	42192537
Tbc1d7	13	43151740	43171501
Gfod1	13	43195245	43304172
Sirt5	13	43365496	43395203
Nol7	13	43398390	43407097
Ranbp9	13	43402675	43481282
Mcur1	13	43538393	43560191
Cd83	13	43784775	43803132
Jarid2	13	44729474	44921643
Dtnbp1	13	44922075	45002147
Mylip	13	45389742	45412022
Gmpr	13	45507444	45553800
Atxn1	13	45549755	45965008
Fam8a1	13	46669522	46678056
Nup153	13	46679905	46727940
Kif13a	13	46749087	46929867
Kdm1b	13	47043499	47085279
Dek	13	47084775	47106201
Rnf144b	13	47122656	47247991
Ptpdc1	13	48577872	48625664
Phf2	13	48801750	48871119
Fam120a	13	48879219	48968017
Ninj1	13	49187485	49196244
Card19	13	49202950	49216037
Susd3	13	49230690	49248706
Fgd3	13	49261554	49320311
Bicd2	13	49341585	49387026
Ippk	13	49421249	49464573
Cenpp	13	49464023	49652785
Aspn	13	49544443	49567565
Ogn	13	49608046	49624501
Nol8	13	49653078	49679016
Iars	13	49682100	49734267
Fbxw17	13	50417864	50433780
Spin1	13	51100880	51152546
Secisbp2	13	51651697	51684044
Sema4d	13	51685529	51793747
Gadd45g	13	51846678	51848468
Syk	13	52583173	52648792
Auh	13	52835119	52929681
Nfil3	13	52967209	52981073
Ror2	13	53109312	53286124
Sptlc1	13	53332748	53377397
Sfxn1	13	54071869	54108342
Hrh2	13	54192129	54236180
Cplx2	13	54371349	54383917
Thoc3	13	54458837	54468849
Simc1	13	54503779	54551290
4833439L19Rik	13	54551218	54565435
Arl10	13	54575015	54581128
Nop16	13	54584185	54590090
Higd2a	13	54590207	54591158
Cltb	13	54592401	54611344
Faf2	13	54621784	54664063
Rnf44	13	54679399	54693907
Cdhr2	13	54701461	54736662
Tspan17	13	54789377	54796776
Hk3	13	55005985	55021385
Uimc1	13	55027880	55100300
Zfp346	13	55105311	55134825
Fgfr4	13	55152640	55168759
Nsd1	13	55209782	55318325
Rab24	13	55319743	55321946
Prelid1	13	55320500	55325272
Mxd3	13	55325168	55329823
Lman2	13	55343833	55362783
Rgs14	13	55369732	55384687
Grk6	13	55445072	55460927
Dbn1	13	55473429	55488111
Pdlim7	13	55495795	55513676
Dok3	13	55523231	55529296
Ddx41	13	55530410	55536658
Fam193b	13	55539316	55571120
Tmed9	13	55573732	55597697
B4galt7	13	55599896	55610443
Caml	13	55623005	55632411
Ddx46	13	55635027	55681256
B230219D22Rik	13	55693124	55703500
Txndc15	13	55714650	55726227
Pcbd2	13	55727368	55776830
Pitx1	13	55825051	55836192
H2afy	13	56073619	56136361
Tifab	13	56173704	56178885
Cxcl14	13	56288643	56296551
Fbxl21	13	56522472	56537898
Tgfbi	13	56609523	56639562
Smad5	13	56703010	56742377
Hnrnpa0	13	58125879	58128556
Idnk	13	58157649	58164693
Ubqln1	13	58176156	58215653
Gkap1	13	58233346	58275699
2210016F16Rik	13	58379817	58385225
Hnrnpk	13	58391142	58403343
Rmi1	13	58402248	58411148
Slc28a3	13	58545399	58610877
Agtpbp1	13	59445742	59585227
Naa35	13	59585259	59635922
Golm1	13	59634626	59675811
Isca1	13	59755409	59769810
Gas1	13	60174405	60177365
Dapk1	13	60601947	60763191
Ctla2b	13	60895350	60897447
Ctla2a	13	60934155	60936625
Fbp2	13	62836877	62858422
Fancc	13	63285043	63497278
Ptch1	13	63508328	63573598
Ercc6l2	13	63815240	63900302
Slc35d2	13	64096308	64129368
Zfp367	13	64133018	64153202
Habp4	13	64161824	64186537
Cdc14b	13	64189268	64275290
Ctsl	13	64359337	64370890
Cdk20	13	64432314	64441773
Mfsd14b	13	65064663	65112975
Zfp369	13	65278814	65304221
Uqcrb	13	66900617	66905378
Mterf3	13	66906968	66933088
Ptdss1	13	66932830	66998401
Zfp455	13	67194506	67209298
Zfp456	13	67362113	67375810
Zfp429	13	67387905	67399819
Zfp874a	13	67424549	67451624
Zfp874b	13	67471513	67484258
Zfp87	13	67515781	67526177
Zfp748	13	67538641	67553830
Zfp729b	13	67589439	67609707
Zfp729a	13	67612763	67637791
Zfp738	13	67658685	67687071
Zfp65	13	67705309	67729173
Mtrr	13	68560780	68582149
Fastkd3	13	68582234	68592338
Nsun2	13	69533746	69635780
Srd5a1	13	69573449	69611442
Med10	13	69802395	69816104
Ice1	13	70551707	70637634
Gm10263	13	73317844	73318143
Ndufs6	13	73319838	73328542
Lpcat1	13	73467197	73516422
Clptm1l	13	73604006	73620605
Slc12a7	13	73733094	73816754
Trip13	13	73911347	73937784
Brd9	13	73937811	73960895
Tppp	13	74009407	74035753
Cep72	13	74036500	74062299
Exoc3	13	74169488	74208732
Pdcd6	13	74303509	74317580
Sdha	13	74322254	74350280
Ccdc127	13	74350309	74365783
Zfp825	13	74480054	74493992
Erap1	13	74639568	74693201
Cast	13	74692368	74808810
Ell2	13	75706757	75772364
Glrx	13	75839868	75850154
Rhobtb3	13	75869537	75943925
Rfesd	13	76001535	76018719
Arsk	13	76060422	76098660
Ttc37	13	76098734	76190316
Mctp1	13	76384535	77031810
Slf1	13	77043088	77135473
Fam172a	13	77702033	78166235
Pou5f2	13	78024902	78026295
Nr2f1	13	78188973	78199757
Arrdc3	13	80883384	80896042
Lysmd3	13	81657663	81672871
Polr3g	13	81673843	81711013
Mblac2	13	81711341	81753275
Cetn3	13	81783077	81797155
Mef2c	13	83504034	83667080
Tmem161b	13	84222296	84296141
Gm4076	13	85126550	85127514
Ccnh	13	85189408	85223469
Rasa1	13	85214780	85289130
Cox7c	13	86044816	86046904
Edil3	13	88821472	89323223
Vcan	13	89655312	89742509
Xrcc4	13	89774027	90089608
Tmem167	13	90089123	90143907
Atg10	13	90935356	91223968
Ssbp2	13	91460283	91703429
Zcchc9	13	91796533	91807705
Msh3	13	92211872	92355003
Dhfr	13	92354726	92389053
Fam151b	13	92449625	92484015
Zfyve16	13	92487108	92530868
Serinc5	13	92611091	92711947
Mtx3	13	92844760	92858230
Homer1	13	93299635	93405129
Jmy	13	93430101	93499808
Bhmt	13	93616675	93637961
Arsb	13	93771630	93943016
Lhfpl2	13	94057796	94195409
Scamp1	13	94201310	94285857
Gm9776	13	94355839	94358923
Ap3b1	13	94358960	94566317
Tbca	13	94788910	94842922
Wdr41	13	94976344	95023314
Zbed3	13	95323612	95337841
Aggf1	13	95350683	95375352
F2rl1	13	95511732	95525227
F2r	13	95601803	95618487
Iqgap2	13	95627174	95892483
Poc5	13	96388294	96417737
Ankdd1b	13	96416134	96471198
Polk	13	96480690	96542579
Col4a3bp	13	96542618	96640167
Hmgcr	13	96648967	96670936
Nsa2	13	97129424	97137937
Gfm2	13	97137937	97181195
Hexb	13	97176331	97198357
Enc1	13	97241105	97253034
Arhgef28	13	97899469	98206439
Utp15	13	98246845	98263041
Ankra2	13	98263074	98274754
Btf3	13	98309896	98317006
Gm10320	13	98489348	98492001
Tmem171	13	98686235	98694834
Fcho2	13	98723403	98815449
Tnpo1	13	98839019	98926384
Ptcd2	13	99319647	99344705
Map1b	13	99421446	99516540
Mccc2	13	99948530	100015639
Bdp1	13	100017994	100104070
Serf1	13	100108012	100114571
Smn1	13	100124852	100137690
Naip2	13	100144063	100202092
Naip5	13	100211739	100246323
Naip6	13	100281121	100317674
Naip1	13	100407764	100452869
Gtf2h2	13	100460218	100492579
Ocln	13	100496507	100552718
Marveld2	13	100595957	100616971
Rad17	13	100617164	100651051
Ak6	13	100650979	100666359
Ccdc125	13	100669717	100697240
Cdk7	13	100702631	100730939
Cenph	13	100759674	100775899
Ccnb1	13	100778650	100786570
Slc30a5	13	100802648	100833427
Pik3r1	13	101680563	101768217
Cd180	13	102693558	102739629
Mast4	13	102732486	103334497
Srek1	13	103739348	103774608
Erbin	13	103818787	103920514
Nln	13	104023057	104109614
Trappc13	13	104142149	104178469
Trim23	13	104178797	104203372
Ppwd1	13	104205124	104228843
Cenpk	13	104228611	104252392
Cwc27	13	104631140	104817142
Srek1ip1	13	104792484	104839274
Ipo11	13	106794439	106936958
Dimt1	13	106947127	106960224
Kif2a	13	106958996	107022126
Apoo-ps	13	107414144	107414729
Zswim6	13	107724617	107890064
Ndufaf2	13	108002715	108158623
Smim15	13	108044446	108049172
Ercc8	13	108158731	108195364
Elovl7	13	108214404	108285683
Depdc1b	13	108316332	108407782
Pde4d	13	108449948	109953461
Gapt	13	110352616	110357199
Plk2	13	110395046	110400844
Gpbp1	13	111425680	111490111
Mier3	13	111680979	111718596
Map3k1	13	111746428	111808993
Ankrd55	13	112288451	112384002
Il6st	13	112464070	112510086
Slc38a9	13	112660751	112738749
Plpp1	13	112800792	112867894
Dhx29	13	112927454	112969432
Ccno	13	112987802	112990777
Gpx8	13	113042753	113046410
Gzma	13	113093825	113100981
Gzmk	13	113171608	113225908
Snx18	13	113592179	113618564
Arl15	13	113794505	114157461
Ndufs4	13	114287795	114388258
Fst	13	114452290	114458951
Mocs2	13	114818236	114832275
Itga2	13	114833081	114932100
Itga1	13	114953096	115101964
Pelo	13	115088355	115090186
Parp8	13	116854820	117025537
Emb	13	117208536	117274415
Nnt	13	119335448	119408997
Paip1	13	119428601	119458218
4833420G17Rik	13	119462768	119486120
Hmgcs1	13	119690379	119708260
Zfp131	13	119765187	119790889
Flnb	14	7817957	7951588
Dnase1l3	14	7964533	7994573
Abhd6	14	8002902	8056763
Pxk	14	8098211	8165117
Pdhb	14	8165996	8173025
Kctd6	14	8214140	8223563
Oit1	14	8348937	8378754
Gm3839	14	11280735	11356726
Ptprg	14	11553532	12242041
3830406C13Rik	14	12284173	12303231
Thoc7	14	13949012	13961852
Atxn7	14	13961440	14107302
Psmd6	14	14112174	14120984
Il3ra	14	14346275	14356011
Slc4a7	14	14702279	14799940
Oxsm	14	16238652	16249808
Ngly1	14	16249280	16311926
Top2b	14	16365179	16435462
Nr1d2	14	18204054	18239127
Nkiras1	14	18271136	18284003
Ube2e1	14	18282722	18331859
Ube2e2	14	18573575	18894267
Nid2	14	19751265	19811787
Gng2	14	19872559	19977627
Saysd1	14	20075636	20138534
Kcnk5	14	20140057	20181809
Nudt13	14	20294697	20317578
Ecd	14	20319852	20348121
Fam149b	14	20348162	20383491
Dnajc9	14	20384638	20388910
Anxa7	14	20455260	20480133
Ppp3cb	14	20499364	20546573
Usp54	14	20548912	20641063
Sec24c	14	20674308	20694852
Fut11	14	20694968	20701016
Chchd1	14	20703006	20704425
Zswim8	14	20707552	20723619
Ndst2	14	20723730	20734562
Camk2g	14	20734875	20794088
Plau	14	20836660	20843385
Vcl	14	20929398	21033676
Ap3m1	14	21031442	21052508
Adk	14	21052574	21448569
Kat6b	14	21481434	21672478
Samd8	14	21750531	21798726
Vdac2	14	21825238	21845879
Comtd1	14	21845855	21848977
Zfp503	14	21983959	21989601
Dlg5	14	24133953	24245920
Polr3a	14	24448696	24487058
Zmiz1	14	25459185	25666743
Ppif	14	25694154	25700468
Zcchc24	14	25711642	25769039
Slmap	14	26413168	26534931
Dennd6a	14	26573856	26634322
Arf4	14	26638074	26665084
Pde12	14	26659958	26669883
Appl1	14	26918988	26971232
Arhgef3	14	27114899	27403911
Ccdc66	14	27481090	27508460
Erc2	14	27622428	28478537
Wnt5a	14	28504750	28527448
Selenok	14	29968308	29975662
Actr8	14	29978337	30006354
Chdh	14	30009023	30040527
Cacna1d	14	30039939	30491455
Dcp1a	14	30479535	30527063
Tkt	14	30548359	30574720
Prkcd	14	30595354	30626210
Rft1	14	30654360	30691317
Sfmbt1	14	30714849	30822721
Spcs1	14	30999826	31001672
Glt8d1	14	31001400	31011991
Gnl3	14	31012433	31019152
Pbrm1	14	31019138	31121592
Smim4	14	31088132	31128956
Nt5dc2	14	31131053	31139124
Stab1	14	31139013	31168641
Nisch	14	31170930	31216946
Phf7	14	31237689	31251317
Bap1	14	31251450	31259944
Capn7	14	31336638	31371986
Sh3bp5	14	31359880	31436078
Mettl6	14	31473578	31495040
Eaf1	14	31494399	31509858
Hacl1	14	31598730	31641286
Btd	14	31641028	31668579
Ankrd28	14	31698768	31830651
Dph3	14	32080566	32085729
Oxnad1	14	32085374	32103202
Ncoa4	14	32159865	32179855
Parg	14	32201949	32297550
Ercc6	14	32513521	32580990
Wdfy4	14	32959547	33185508
Arhgap22	14	33214026	33369934
Mapk8	14	33377898	33447158
Anxa8	14	34085981	34100571
Npy4r	14	34143992	34152489
Glud1	14	34310727	34345265
Bmpr1a	14	34410734	34503341
Wapl	14	34673928	34747983
Ccser2	14	36874936	36968777
2610528A11Rik	14	37102140	37114022
Ghitm	14	37120092	37135272
Tspan14	14	40906445	40966807
Sftpd	14	41172214	41185149
Ear2	14	44102654	44103534
Ptger2	14	44988195	45003820
Txndc16	14	45133465	45220328
Ero1l	14	45283087	45318771
Psmc6	14	45329788	45349705
Gnpnat1	14	45376334	45404913
Fermt2	14	45458795	45530118
Ddhd1	14	45588467	45658143
Bmp4	14	46383520	46390669
Cdkn3	14	46760541	46771669
Cnih1	14	46775567	46788411
Gmfb	14	46808149	46822242
Cgrrf1	14	46832125	46854193
Samd4	14	46882854	47105815
Gch1	14	47153895	47189413
Wdhd1	14	47240944	47276857
Socs4	14	47276931	47296102
Mapk1ip1l	14	47298266	47323204
Lgals3	14	47367751	47386160
Dlgap5	14	47387779	47418407
Fbxo34	14	47450421	47531962
Atg14	14	47540893	47570649
Ktn1	14	47648448	47739894
Peli2	14	48120823	48281575
Tmem260	14	48446124	48524246
Exoc5	14	49004090	49066653
Ap5m1	14	49066097	49094234
Naa30	14	49172226	49191031
Ttc5	14	50765415	50785519
Parp2	14	50807841	50821301
Tep1	14	50824059	50870560
Osgep	14	50906478	50924893
Apex1	14	50924968	50927139
Pnp	14	50931082	50965237
Pnp2	14	50955992	50964749
Rnase4	14	51091077	51106151
Ang	14	51091150	51102009
Rnase6	14	51123908	51132187
Mettl17	14	51884842	51893039
Ndrg2	14	51905271	51914158
Arhgef40	14	51984719	52006251
Zfp219	14	52006077	52020733
Tmem253	14	52015658	52019794
Hnrnpc	14	52073377	52104028
Rpgrip1	14	52110704	52163546
Supt16	14	52160414	52197416
Chd8	14	52198151	52257780
Rab2b	14	52261759	52279545
Tox4	14	52279146	52296401
Mettl3	14	52294841	52305128
Sall2	14	52311172	52328762
Dad1	14	54235479	54254104
Abhd4	14	54254188	54270637
Oxa1l	14	54360834	54369673
Slc7a7	14	54369442	54417780
Mmp14	14	54431612	54445364
Lrp10	14	54464137	54471497
Rem2	14	54476100	54480431
Prmt5	14	54507187	54517525
Haus4	14	54541785	54554616
Ajuba	14	54567472	54577558
4931414P19Rik	14	54583663	54605993
Psmb5	14	54614119	54618022
Acin1	14	54642161	54686931
1700123O20Rik	14	54686216	54690741
Cebpe	14	54710360	54712174
Slc7a8	14	54722209	54781946
Homez	14	54852736	54870961
Ppp1r3e	14	54872669	54877550
Bcl2l2	14	54883377	54888234
Pabpn1	14	54892500	54898169
Efs	14	54916535	54926126
Ngdn	14	55015454	55024137
Zfhx2	14	55060262	55092324
Thtpa	14	55094784	55098986
Ap1g2	14	55098575	55106593
Dhrs4	14	55478758	55490340
Pck2	14	55540266	55551242
Dcaf11	14	55560006	55570065
Psme1	14	55578123	55581529
Emc9	14	55581516	55585302
Psme2	14	55587441	55591113
Rnf31	14	55591708	55603693
Irf9	14	55603571	55610030
Ipo4	14	55625400	55635957
Tm9sf1	14	55635965	55643806
Mdp1	14	55657879	55660508
Nedd8	14	55662263	55672124
Gmpr2	14	55671941	55679200
Tinf2	14	55674689	55681820
Tgm1	14	55700009	55713926
Rabggta	14	55715416	55722263
Dhrs1	14	55739020	55745690
Nop9	14	55745693	55755500
Cideb	14	55754050	55758458
Ltb4r1	14	55765962	55768494
Ripk3	14	55784995	55788865
Nfatc4	14	55823144	55833943
Cbln3	14	55878913	55884392
Khnyn	14	55884947	55898775
Sdr39u1	14	55897283	55900293
Mcpt1	14	56017971	56020384
Mcpt2	14	56042041	56044642
Mcpt4	14	56059629	56062313
Ctsg	14	56099881	56102574
Gzmb	14	56258838	56262260
Cenpj	14	56526761	56575425
Parp4	14	56575619	56659794
Mphosph8	14	56668248	56697430
Pspc1	14	56720710	56778316
Zmym5	14	56790585	56811716
Zmym2	14	56886653	56962701
Gjb2	14	57098600	57104702
Cryl1	14	57274993	57398529
Ift88	14	57424062	57517936
Eef1akmt1	14	57549597	57571612
Xpo4	14	57577521	57665430
Lats2	14	57689662	57758388
Sap18	14	57798180	57806638
Ska3	14	57806561	57826185
Zdhhc20	14	57832703	57890276
Micu2	14	57916261	57999262
Rcbtb1	14	59201209	59237265
Phf11a	14	59276913	59297522
Phf11b	14	59320964	59341351
Phf11d	14	59347407	59365470
Phf11c	14	59380833	59395381
Setdb2	14	59402009	59440884
Cab39l	14	59440972	59585764
Cdadc1	14	59559388	59597959
Shisa2	14	59625308	59631660
Atp8a2	14	59638540	60197179
Nupl1	14	60184612	60251431
Mtmr6	14	60265228	60302370
Amer2	14	60373259	60388197
Spata13	14	60634001	60764556
Mipep	14	60784573	60905478
Sacs	14	61138457	61240695
Arl11	14	61309753	61311936
Ebpl	14	61331742	61360439
Kpna3	14	61365211	61439874
Spryd7	14	61531993	61556886
Trim13	14	61598247	61605946
Rnaseh2b	14	62292589	62372992
Fam124a	14	62555737	62608486
Ints6	14	62676330	62761169
Ctsb	14	63122462	63145923
Fdft1	14	63145150	63179578
Gata4	14	63198922	63271692
Blk	14	63372836	63417037
Fam167a	14	63436394	63465498
Mtmr9	14	63519651	63543982
Pinx1	14	63860364	63919859
Msra	14	64122625	64455903
Kif13b	14	64647265	64809617
Hmbox1	14	64811600	64949871
Ints9	14	64950045	65039832
Extl3	14	65052060	65149855
Zfp395	14	65358389	65398930
Elp3	14	65530449	65593075
Scara5	14	65666403	65764826
Pbk	14	65805837	65817822
Esco2	14	65819038	65833994
Ccdc25	14	65837302	65866607
Scara3	14	65919394	65953935
Clu	14	65968483	65981547
Ephx2	14	66084374	66124500
Ptk2b	14	66153257	66281052
Trim35	14	66297031	66311424
Dpysl2	14	66802864	66868688
Bnip3l	14	66985239	67008877
Ppp2r2a	14	67014056	67072444
Cdca2	14	67676331	67715841
Kctd9	14	67715937	67742310
Dock5	14	67752135	67933442
Adamdec1	14	68563380	68582095
Adam28	14	68606027	68655842
Stc1	14	69029238	69041804
Slc25a37	14	69241848	69285112
Loxl2	14	69609068	69695834
R3hcc1	14	69697307	69707584
Chmp7	14	69717000	69732541
Tnfrsf10b	14	69767472	69784411
Rhobtb2	14	69784990	69805636
Bin3	14	70100105	70138206
Ccar2	14	70138164	70153811
9930012K11Rik	14	70154405	70159502
Pdlim2	14	70164218	70177681
Ppp3cc	14	70217865	70289471
Slc39a14	14	70303469	70351425
Polr3d	14	70438757	70443447
Phyhip	14	70457476	70468832
Bmp1	14	70474558	70520234
Reep4	14	70545251	70548933
Hr	14	70552212	70573548
Nudt18	14	70577637	70582688
Fam160b2	14	70583296	70599835
Dmtn	14	70601263	70636048
Xpo7	14	70654246	70766628
Dok2	14	70766036	70778495
Gfra2	14	70890120	70979838
Fndc3a	14	72537946	72710003
Rcbtb2	14	73123037	73207843
Rb1	14	73183673	73325822
Lpar6	14	73237895	73243294
Itm2b	14	73362226	73385289
Med4	14	73510025	73518849
Sucla2	14	73525319	73596142
Esd	14	74732297	74750765
Lrch1	14	74754675	74947876
Rubcnl	14	75016027	75052532
Lcp1	14	75131101	75230842
Zc3h13	14	75284373	75344426
Cog3	14	75702350	75754517
Tpt1	14	75845093	75848525
Gtf2f2	14	75896937	76010865
Gpalpp1	14	76086236	76110760
Nufip1	14	76110891	76137379
Tsc22d1	14	76414961	76507765
Serp2	14	76532814	76556889
Lacc1	14	77024200	77036904
Ccdc122	14	77036772	77112257
Dnajc15	14	77820681	77875125
Epsti1	14	77904239	78002657
Akap11	14	78492246	78536808
Vwa8	14	78849052	79202310
Rgcc	14	79288756	79301645
Naa16	14	79325269	79390778
Kbtbd7	14	79426511	79431036
Wbp4	14	79459937	79481520
Elf1	14	79481194	79582494
Sugt1	14	79587691	79635196
Diaph3	14	86655367	87141235
Tdrd3	14	87416639	87545504
Klhl1	14	96102736	96519102
Dach1	14	97786853	98169765
Mzt1	14	99034544	99046134
Bora	14	99046222	99074540
Dis3	14	99075206	99099770
Pibf1	14	99099424	99254493
Klf5	14	99298691	99315036
Tbc1d4	14	101442360	101609191
Commd6	14	101632981	101640686
Uchl3	14	101653967	101696125
Lmo7	14	101729957	101934710
Kctd12	14	102976581	102982637
Acod1	14	103046977	103056573
Cln5	14	103070216	103077628
Fbxl3	14	103080239	103099566
Mycbp2	14	103113411	103346814
Slain1	14	103650228	103704907
Ednrb	14	103814625	103844402
Rnf219	14	104477536	104522645
Rbm26	14	105106751	105177327
Ndfip2	14	105258573	105309298
Gm10076	14	105681828	105682211
Spry2	14	105891947	105896819
Tpm3-rs7	14	113314608	113316754
Tgds	14	118111911	118132755
Gpr180	14	118137158	118163261
Sox21	14	118233232	118237030
Abcc4	14	118482692	118706219
Dnajc3	14	118937976	118981697
Uggt2	14	118985039	119099430
Mbnl2	14	120275669	120431697
Rap2a	14	120478444	120507194
Ipo5	14	120911224	120947999
Farp1	14	121035200	121283744
Stk24	14	121286343	121380011
Dock9	14	121542046	121797837
Ubac2	14	121878620	122021034
Gpr18	14	121911253	121915781
Gpr183	14	121952551	121965195
Tm9sf2	14	122107038	122159604
Clybl	14	122181704	122402234
Pcca	14	122534324	122891100
Ggact	14	122816223	122913757
Tmtc4	14	122918971	122984035
Selenop	15	3268547	3280508
Ghr	15	3317760	3583492
Fbxo4	15	3965445	3979573
AW549877	15	3982035	3995744
Oxct1	15	4026383	4155344
Card6	15	5095981	5108539
Gm10250	15	5120654	5121135
Prkaa1	15	5143861	5181899
Ttc33	15	5185525	5218336
Ptger4	15	5206661	5244187
Dab2	15	6299788	6440712
Fyb	15	6522853	6663313
Rictor	15	6708379	6800401
Osmr	15	6813577	6874969
Lifr	15	7090614	7197489
Wdr70	15	7873055	8099209
Nup155	15	8109273	8161247
Nipbl	15	8290617	8444463
Nadk2	15	9071260	9110891
Skp2	15	9111985	9155425
Il7r	15	9505788	9530176
Dnajc21	15	10446756	10470516
Brix1	15	10474779	10485947
Rad1	15	10486018	10499063
Rai14	15	10568969	10714624
Amacr	15	10981756	10996626
Tars	15	11382301	11399665
Sub1	15	11981339	11996983
Zfr	15	12117831	12185683
Mtmr12	15	12205028	12274496
Golph3	15	12321450	12351591
6030458C11Rik	15	12808177	12824649
Drosha	15	12824815	12935291
Cdh6	15	13028701	13173675
Basp1	15	25363277	25413764
Myo10	15	25622525	25813673
Zfp622	15	25984366	25998481
Ank	15	27466677	27594909
Otulin	15	27542635	27630693
Trio	15	27730651	28025848
Dap	15	31224314	31274341
Ankrd33b	15	31291478	31367726
March6	15	31455891	31531053
Cmbl	15	31565389	31590119
Cct5	15	31590800	31601804
Sema5a	15	32244810	32696341
Sdc2	15	32920723	33034935
Cpq	15	33083129	33594552
Mtdh	15	34082694	34145624
Laptm4b	15	34238028	34284302
Matn2	15	34306677	34436273
Rida	15	34484021	34495255
Pop1	15	34495304	34530648
Stk3	15	34875496	35178921
Osr2	15	35296098	35303305
Vps13b	15	35371160	35931229
Cox6c	15	35925886	35938246
Rnf19a	15	36239933	36283147
Ankrd46	15	36477668	36496820
Pabpc1	15	36595661	36609668
Ywhaz	15	36770770	36796929
Zfp706	15	36997027	37007773
Ncald	15	37366175	37792570
Rrm2b	15	37923952	37961318
Ubr5	15	37967328	38078854
Klf10	15	38291463	38300706
Azin1	15	38487427	38519266
Atp6v1c1	15	38661933	38692446
Fzd6	15	39006034	39038188
Cthrc1	15	39076932	39087121
Slc25a32	15	39091231	39112716
Dcaf13	15	39112865	39146856
Lrp12	15	39870589	39943994
Oxr1	15	41447482	41861048
Eif3e	15	43250058	43282719
Emc2	15	43477229	43527763
Nudcd1	15	44373163	44428307
Eny2	15	44428042	44438256
Pkhd1l1	15	44457494	44601369
Ebag9	15	44619175	44641515
Eif3h	15	51786558	51865523
Utp23	15	51877429	51884614
Rad21	15	51962240	51991747
Med30	15	52712408	52730564
Ext1	15	53064038	53346159
Tnfrsf11b	15	54250619	54278484
Mal2	15	54571192	54602847
Enpp2	15	54838901	54952892
Taf2	15	55015131	55072152
Dscc1	15	55076099	55090491
Deptor	15	55112317	55259271
Col14a1	15	55307750	55520803
Mtbp	15	55557408	55626423
Has2	15	56665627	56694539
Zhx2	15	57694665	57839832
Derl1	15	57869502	57892448
Tbc1d31	15	57912199	57970067
9130401M01Rik	15	58022259	58034325
Zhx1	15	58047003	58076541
Atad2	15	58094044	58135082
Wdyhv1	15	58141377	58158665
Fbxo32	15	58175879	58214932
Anxa13	15	58341363	58389383
Fam91a1	15	58415468	58457740
Tmem65	15	58782269	58823638
Trmt12	15	58872674	58877127
Rnf139	15	58889229	58907057
Tatdn1	15	58890155	58933738
Ndufb9	15	58933756	58939488
Mtss1	15	58941234	59082005
Sqle	15	59315077	59331192
Washc5	15	59331997	59374167
Nsmce2	15	59374247	59601684
Trib1	15	59648350	59657099
Fam84b	15	60818994	60853778
Myc	15	61985391	61990374
Fam49b	15	63929097	64060478
Asap1	15	64086857	64382919
Efr3a	15	65787034	65873816
Tmem71	15	66526212	66561103
Phf20l1	15	66577560	66647976
Sla	15	66780819	66831829
Ndrg1	15	66929318	66969640
St3gal1	15	67102875	67176830
Khdrbs3	15	68928420	69101211
Trappc9	15	72589620	73061204
Chrac1	15	73090392	73097554
Ago2	15	73095844	73184935
Ptk2	15	73205102	73423280
Dennd3	15	73512560	73572242
Slc45a4	15	73577424	73645762
Ptp4a3	15	73723145	73758766
Arc	15	74669083	74672570
Them6	15	74721204	74724639
Slurp1	15	74724318	74728034
Lynx1	15	74747852	74753046
Ly6d	15	74762056	74763620
Ly6e	15	74955051	74959905
Ly6i	15	74979534	74983430
Ly6a	15	74994877	74998031
Ly6c1	15	75044018	75048830
Ly6c2	15	75108158	75111970
Ly6g	15	75155240	75159126
Ly6f	15	75268421	75272235
Zfp41	15	75616679	75629827
Top1mt	15	75657035	75678800
Zc3h3	15	75754430	75841915
Gsdmd	15	75862327	75867408
Mroh6	15	75884137	75888770
Naprt	15	75890956	75894481
Eef1d	15	75894205	75909556
Tigd5	15	75909735	75914535
Pycrl	15	75916477	75921560
Tsta3	15	75924676	75929832
Zfp623	15	75940952	75949400
Zfp707	15	75969123	75975868
Ccdc166	15	75979872	75982455
Mapk15	15	75993769	75999154
Fam83h	15	76001093	76014336
Scrib	15	76047158	76069784
Puf60	15	76070182	76080924
Nrbp2	15	76085518	76091627
Plec	15	76170974	76232574
Parp10	15	76231174	76243441
Grina	15	76246764	76249904
Smpd5	15	76294348	76296896
Oplah	15	76296601	76328015
Exosc4	15	76327397	76330677
Gpaa1	15	76331231	76334907
Cyc1	15	76343523	76346260
Sharpin	15	76347040	76351111
Maf1	15	76351294	76354380
Gm35339	15	76354432	76365201
Hgh1	15	76368898	76371437
Mroh1	15	76380261	76453038
Bop1	15	76452989	76477277
Scx	15	76457452	76459458
Hsf1	15	76477422	76501913
Dgat1	15	76502015	76511953
Fbxl6	15	76535721	76538746
Slc52a2	15	76538832	76544608
Adck5	15	76576358	76595816
Cpsf1	15	76595803	76607591
Slc39a4	15	76612383	76617384
Tonsl	15	76626002	76639958
Cyhr1	15	76643395	76660117
Kifc2	15	76659858	76668196
Ppp1r16a	15	76671615	76694919
Gpt	15	76695716	76699686
Mfsd3	15	76701465	76704239
Recql4	15	76703553	76710548
Lrrc14	15	76710623	76717699
Lrrc24	15	76715276	76722173
Arhgap39	15	76723985	76818170
Zfp251	15	76851609	76871435
Zfp7	15	76879259	76892395
Commd5	15	76899910	76901305
1110038F14Rik	15	76948506	76950979
Rbfox2	15	77078990	77307004
Apol7a	15	77388219	77399110
Apol9a	15	77403789	77411135
Apol11b	15	77633946	77643286
Apol9b	15	77729039	77736382
Apol8	15	77747798	77757003
Myh9	15	77760587	77842175
Txn2	15	77915047	77929006
Foxred2	15	77940522	77956722
Eif3d	15	77958998	77970813
Ift27	15	78159463	78174107
Ncf4	15	78244801	78262580
Csf2rb2	15	78282507	78305721
Csf2rb	15	78325752	78353847
Tst	15	78399556	78405907
Mpst	15	78406416	78414013
Il2rb	15	78479256	78495271
C1qtnf6	15	78523346	78531416
Rac2	15	78559167	78572783
Cyth4	15	78597047	78622019
Mfng	15	78755882	78773475
Card10	15	78775138	78803042
Cdc42ep1	15	78842624	78850897
Lgals2	15	78850860	78855529
Gga1	15	78877190	78894585
Sh3bp1	15	78899768	78912051
Lgals1	15	78926725	78930465
Nol12	15	78934933	78943638
Triobp	15	78947724	79005869
H1f0	15	79028450	79030504
Gcat	15	79030901	79042531
Ankrd54	15	79053094	79062893
Eif3l	15	79075179	79094405
Micall1	15	79108898	79136900
1700088E04Rik	15	79129349	79141253
Polr2f	15	79141009	79151774
Pick1	15	79229173	79249484
Baiap2l2	15	79258195	79285537
Pla2g6	15	79286228	79328390
Maff	15	79346621	79359076
Tmem184b	15	79360684	79403569
Csnk1e	15	79417856	79455566
Kdelr3	15	79516411	79527739
Ddx17	15	79527736	79546741
Cby1	15	79659199	79667660
Tomm22	15	79670861	79673400
Josd1	15	79674251	79687919
Gtpbp1	15	79690845	79721479
Sun2	15	79724070	79742536
Dnal4	15	79761453	79777849
Nptxr	15	79786351	79804766
Cbx6	15	79823896	79834688
Apobec3	15	79891659	79915906
Cbx7	15	79915807	79971119
Pdgfb	15	79995874	80014977
Syngr1	15	80091334	80119501
Tab1	15	80133127	80161707
Mgat3	15	80173721	80215519
Mief1	15	80234018	80253371
Atf4	15	80255184	80257541
Grap2	15	80572594	80652854
Tnrc6b	15	80711313	80941085
Adsl	15	80948490	80970946
Sgsm3	15	80977765	81012290
Slc25a17	15	81318911	81360812
St13	15	81363669	81400077
Xpnpep3	15	81400138	81457482
Rbx1	15	81466296	81476369
Ep300	15	81585351	81652077
L3mbtl2	15	81663889	81688315
Rangap1	15	81704248	81745530
Zc3h7b	15	81745057	81796260
Tef	15	81802421	81826863
Gm8444	15	81843346	81843713
Tob2	15	81848272	81858796
Phf5a	15	81864520	81871911
Aco2	15	81872309	81915133
Polr3h	15	81888228	81926240
Pmm1	15	81951108	81960930
Xrcc6	15	81987835	82040085
Desi1	15	81992523	82033862
Snu13	15	82040525	82047598
Ccdc134	15	82127922	82142203
Srebf2	15	82147181	82205379
Tnfrsf13c	15	82221743	82224369
Cenpm	15	82233779	82244748
1500009C09Rik	15	82252397	82260753
Sept3	15	82271452	82294574
Naga	15	82329532	82338925
Smdt1	15	82338959	82349091
Ndufa6	15	82350140	82354322
Cyp2d26	15	82790101	82794294
Tcf20	15	82808436	82987872
Nfam1	15	82992973	83033306
Serhl	15	83089506	83116674
Rrp7a	15	83113433	83122801
Poldip3	15	83125976	83149384
Cyb5r3	15	83153494	83172592
Arfgap3	15	83299739	83350247
Pacsin2	15	83375607	83464606
Ttll1	15	83483769	83510893
Mcat	15	83546797	83563787
Tspo	15	83563592	83574203
Ttll12	15	83575090	83595157
Samm50	15	84192241	84217267
Parvb	15	84232043	84315688
Parvg	15	84324026	84342978
Prr5	15	84669620	84703673
Gm29666	15	84910438	84920038
Nup50	15	84923411	84942963
5031439G07Rik	15	84943936	84988551
Fam118a	15	85028948	85062830
Fbln1	15	85205949	85286535
Atxn10	15	85336245	85463212
Wnt7b	15	85535437	85582473
Cdpf1	15	85806972	85811697
Ttc38	15	85832306	85858822
Gtse1	15	85859745	85876573
Trmu	15	85879312	85897394
Celsr1	15	85898929	86033777
Gramd4	15	86057695	86137634
Cerk	15	86139128	86186141
Tbc1d22a	15	86214459	86498503
Brd1	15	88687034	88734233
Zbed4	15	88751660	88784516
Alg12	15	88805244	88819318
Creld2	15	88819646	88826683
Pim3	15	88862186	88865726
Trabd	15	89075124	89087077
Selenoo	15	89089084	89100340
Tubgcp6	15	89098357	89123112
Hdac10	15	89123307	89128700
Mapk12	15	89130584	89140703
Mapk11	15	89142486	89149628
Plxnb2	15	89155549	89180788
Dennd6b	15	89182213	89196496
Ppp6r2	15	89211553	89287010
Sbf1	15	89288236	89315311
Lmf2	15	89351004	89355659
Ncaph2	15	89355719	89372826
Sco2	15	89371637	89373846
Chkb	15	89426360	89429908
C730034F03Rik	15	89429589	89430868
Arsa	15	89472476	89477425
Rabl2	15	89582533	89591923
Alg10b	15	90224311	90233471
Cpne8	15	90487482	90679432
Abcd2	15	91145871	91191799
Lrrk2	15	91673175	91816120
Gxylt1	15	93239742	93275179
Yaf2	15	93284278	93336935
Zcrb1	15	93386097	93398334
Pphln1	15	93398350	93491510
Prickle1	15	93499114	93595891
Pus7l	15	94522688	94543547
Irak4	15	94543643	94581815
Twf1	15	94577951	94589889
Tmem117	15	94629232	95096098
Ano6	15	95790843	95974751
Arid2	15	96287518	96404992
Scaf11	15	96411699	96460843
Slc38a1	15	96571418	96642913
Slc38a2	15	96687392	96699730
Pced1b	15	97247107	97385680
Rpap3	15	97675097	97705825
Slc48a1	15	97778520	97792692
Hdac7	15	97792664	97844502
Vdr	15	97854425	97910630
Tmem106c	15	97964200	97970275
Senp1	15	98038744	98093744
Pfkm	15	98092589	98132451
Asb8	15	98134637	98165625
Ccnt1	15	98538689	98570923
Adcy6	15	98589973	98610076
Cacnb3	15	98630840	98644529
Ddx23	15	98645134	98662894
Rnd1	15	98663421	98677461
Fkbp11	15	98724366	98728198
Arf3	15	98736634	98763214
Prkag1	15	98812797	98831521
Kmt2d	15	98831669	98871204
Rhebl1	15	98877778	98894540
Dhh	15	98891152	98898540
Lmbr1l	15	98903917	98918231
Tuba1b	15	98931425	98934565
Tuba1a	15	98949837	98953703
Tuba1c	15	99029891	99038110
Troap	15	99074575	99083409
Dnajc22	15	99093170	99104737
Spats2	15	99125916	99213215
Mcrs1	15	99242817	99251961
Prpf40b	15	99295087	99317018
Fmnl3	15	99317225	99370482
Tmbim6	15	99392882	99410049
Nckap5l	15	99422035	99457748
Bcdin3d	15	99470079	99474730
Aqp5	15	99590782	99594829
Racgap1	15	99620496	99651656
Smarcd1	15	99702129	99713991
Gpd1	15	99717515	99725005
Cox14	15	99725647	99729532
Cers5	15	99734881	99772885
Lima1	15	99778470	99875456
Larp4	15	99970065	100016358
Dip2b	15	100038664	100219473
Atf1	15	100227819	100261244
Mettl7a1	15	100304140	100328662
Slc11a2	15	100387898	100425072
Letmd1	15	100469023	100479164
Csrnp2	15	100479570	100495488
Tfcp2	15	100498012	100552008
Pou6f1	15	100575318	100599984
Dazap2	15	100615349	100620761
Smagp	15	100621339	100636940
Bin2	15	100641077	100669553
Cela1	15	100674421	100687921
Galnt6	15	100691813	100729376
Slc4a8	15	100761747	100823968
Scn8a	15	100869858	101045938
Fignl2	15	101050194	101078567
Acvrl1	15	101128522	101145336
Acvr1b	15	101174067	101213684
Grasp	15	101224188	101232756
Nr4a1	15	101254269	101274795
Atg101	15	101284272	101290945
Krt7	15	101411043	101430313
Krt83	15	101485130	101491512
Krt84	15	101525026	101532820
Krt6a	15	101689910	101694307
Krt4	15	101918535	101924735
Krt79	15	101929332	101940324
Krt8	15	101996698	102004482
Krt18	15	102028180	102032027
Eif4b	15	102073773	102097173
Tns2	15	102100413	102116401
Spryd3	15	102116528	102136234
Igfbp6	15	102144362	102149511
Soat2	15	102150526	102163469
Csad	15	102176999	102204724
Zfp740	15	102203249	102215606
Itgb7	15	102215995	102231944
Rarg	15	102234938	102257517
Mfsd5	15	102279454	102281754
Espl1	15	102296266	102324357
Pfdn5	15	102326116	102331873
Myg1	15	102331709	102338139
Aaas	15	102338252	102350771
Sp1	15	102406143	102436404
Prr13	15	102459028	102462806
Pcbp2	15	102470539	102500061
Atf7	15	102525946	102625464
Calcoco1	15	102706777	102722178
Smug1	15	103153290	103167092
Cbx5	15	103191544	103239816
Hnrnpa1	15	103240432	103246692
Nfe2	15	103248212	103258403
Copz1	15	103272714	103299868
Gpr84	15	103308235	103310612
Zfp385a	15	103313895	103340093
Itga5	15	103344286	103366763
Nckap1l	15	103453794	103498810
Pde1b	15	103503034	103530052
Mefv	16	3707218	3718097
Zfp263	16	3744093	3750790
Zfp597	16	3858321	3884561
Naa60	16	3872375	3904770
1700037C18Rik	16	3895179	3908689
Cluap1	16	3908801	3941147
Nlrc3	16	3945007	3976632
Slx4	16	3979105	4003770
Trap1	16	4039971	4077827
Crebbp	16	4081328	4213997
Adcy9	16	4287529	4420498
Tfap4	16	4544661	4559854
Glis2	16	4594713	4624924
Pam16	16	4616464	4624988
Coro7	16	4626133	4679777
Vasn	16	4639941	4650802
Dnaja3	16	4639989	4707695
Nmral1	16	4710059	4719356
Hmox2	16	4726361	4766742
Cdip1	16	4750348	4790292
Ubald1	16	4874778	4880315
Mgrn1	16	4886249	4938296
Nudt16l1	16	4938761	4941032
Anks3	16	4941436	4964205
Smim22	16	5007288	5008309
Rogdi	16	5008730	5013553
Glyr1	16	5013909	5049863
Ubn1	16	5050057	5086289
Ppl	16	5086291	5132421
Nagpa	16	5195289	5204012
AU021092	16	5211823	5222299
Alg1	16	5233621	5244912
Eef2kmt	16	5244152	5255983
Mettl22	16	8470788	8490684
Tmem186	16	8633229	8637712
Pmm2	16	8637674	8662467
Carhsp1	16	8658580	8672155
Usp7	16	8689595	8792308
1810013L24Rik	16	8830100	8858922
Emp2	16	10281749	10313968
Nubp1	16	10411948	10424428
Ciita	16	10480059	10528418
Dexi	16	10502531	10543054
Clec16a	16	10545339	10744878
Socs1	16	10782240	10785536
Rmi2	16	10835059	10892966
Litaf	16	10959275	11066157
Snn	16	11060945	11074985
Txndc11	16	11074911	11134650
Zc3h7a	16	11136592	11176393
Rsl1d1	16	11192970	11203331
Gspt1	16	11219292	11254325
Snx29	16	11322908	11755472
Cpped1	16	11803721	11909445
Ercc4	16	13109684	13150617
Parn	16	13537960	13668170
Bfar	16	13671858	13703612
3110001I22Rik	16	13671929	13678388
Rrn3	16	13780708	13814839
Ntan1	16	13818845	13835451
Pdxdc1	16	13833148	13903131
Mpv17l	16	13903161	13949619
Marf1	16	14109173	14163351
Nde1	16	14163275	14192928
Fopnl	16	14299244	14317405
Abcc1	16	14361558	14475737
Snai2	16	14705852	14709385
Ube2v2	16	15552077	15595773
Mcm4	16	15623897	15637400
Prkdc	16	15637866	15842235
Mzt2	16	15848441	15863369
Cebpd	16	15887286	15891031
Spidr	16	15889224	16146851
Pkp2	16	16213318	16272712
Yars2	16	16302965	16309640
Dnm1l	16	16312230	16358959
Fgd4	16	16416917	16600549
Top3b	16	16870736	16892990
Ppm1f	16	16896469	16927364
Mapk1	16	16983382	17047453
Ypel1	16	17069696	17087045
Ppil2	16	17086555	17111257
2610318N02Rik	16	17113398	17125167
Sdf2l1	16	17130138	17132383
Ydjc	16	17144621	17160701
Ube2l3	16	17152013	17202649
Hic2	16	17233572	17263430
Pi4ka	16	17280351	17406314
Snap29	16	17405986	17430827
Lztr1	16	17508688	17526333
Thap7	16	17527982	17531136
Smpd4	16	17619354	17644828
Ccdc74a	16	17646470	17650738
Med15	16	17651208	17732891
Klhl22	16	17759618	17793382
Scarf2	16	17797282	17808293
Dgcr2	16	17839482	17898562
Slc25a1	16	17925223	17928219
Dgcr6	16	18052860	18071632
Prodh	16	18060357	18090203
Zdhhc8	16	18220753	18235136
Ranbp1	16	18239784	18248732
Trmt2a	16	18248679	18254772
Dgcr8	16	18253948	18289246
Tango2	16	18300825	18348103
Comt	16	18406886	18426852
Txnrd2	16	18426384	18479073
Gnb1l	16	18498713	18566679
Cdc45	16	18780447	18811987
2510002D24Rik	16	18836578	18840160
Hira	16	18877037	18970309
B3gnt5	16	19760208	19772753
Klhl6	16	19946496	19983037
Klhl24	16	20097542	20129221
Yeats2	16	20141063	20232573
Parl	16	20279818	20302387
Cyp2ab1	16	20308387	20325404
Abcc5	16	20331303	20426394
Eif2b5	16	20498817	20509323
Dvl3	16	20516982	20534010
Ap2m1	16	20535478	20544909
Abcf3	16	20548577	20561379
Alg3	16	20605374	20611735
Camk2n2	16	20619215	20621287
Ece2	16	20629828	20646485
Psmd2	16	20651652	20663414
Eif4g1	16	20668313	20692884
Clcn2	16	20702964	20717746
Polr2h	16	20717665	20722267
Thpo	16	20724454	20734511
Ephb3	16	21204755	21223305
Vps8	16	21423118	21644680
2510009E07Rik	16	21649045	21694665
Tmem41a	16	21934326	21947552
Liph	16	21953817	21995663
Senp2	16	22009484	22049269
Igf2bp2	16	22059009	22163299
Tra2b	16	22244549	22266005
Etv5	16	22381309	22439719
Dgkg	16	22468461	22657221
Tbccd1	16	22813214	22857669
Dnajb11	16	22857845	22879634
Eif4a2	16	23107444	23114136
Rfc4	16	23113943	23127737
St6gal1	16	23224740	23360350
Rtp4	16	23520291	23614222
Bcl6	16	23965052	23988852
Lpp	16	24393507	24992578
Cldn1	16	26356642	26371841
Il1rap	16	26581704	26730117
Ccdc50	16	27388869	27452218
Opa1	16	29579334	29654884
Hes1	16	30064384	30067796
Atp13a3	16	30312423	30405975
Lsg1	16	30560494	30587592
Fam43a	16	30599723	30602797
Xxylt1	16	30955144	31081432
Acap2	16	31092412	31201245
Ppp1r2	16	31251537	31275277
Apod	16	31296192	31314808
Bdh1	16	31422280	31458901
Dlg1	16	31663443	31875129
Pigz	16	31933851	31946046
0610012G03Rik	16	31947050	31948494
Ncbp2	16	31948513	31961781
Senp5	16	31959672	32003287
Pak2	16	32016290	32079342
Pigx	16	32084416	32099740
Cep19	16	32099800	32108069
Nrros	16	32142785	32165594
Fbxo45	16	32230112	32247158
Wdr53	16	32247227	32257083
Rnf168	16	32277459	32301434
Ubxn7	16	32332257	32393747
Tctex1d2	16	32419702	32429099
Pcyt1a	16	32430921	32475070
Tfrc	16	32608920	32632794
Tnk2	16	32643874	32683493
Muc4	16	32735886	32782391
Rubcn	16	32821703	32877766
Fyttd1	16	32877500	32908875
Lrch3	16	32914100	33015647
Lmln	16	33062521	33127695
Osbpl11	16	33185071	33243312
Snx4	16	33251442	33300269
Zfp148	16	33380836	33504363
Heg1	16	33684370	33771576
Muc13	16	33794037	33819934
Itgb5	16	33829665	33949338
Umps	16	33954782	33967038
Kalrn	16	33969073	34573532
Ccdc14	16	34690616	34725202
Mylk	16	34745210	35002420
Hacd2	16	35022428	35109177
Sec22a	16	35311131	35363918
Pdia5	16	35397312	35490873
Hspbap1	16	35770375	35828477
Parp14	16	35832874	35871544
Dtx3l	16	35926511	35939151
Parp9	16	35938470	35972605
Kpna1	16	35978750	36037131
Fam162a	16	36043761	36071594
Ccdc58	16	36071685	36092120
Stfa2l1	16	36156811	36161953
Cd86	16	36603869	36666081
Ildr1	16	36693978	36726804
Slc15a2	16	36750177	36784962
Eaf2	16	36792884	36875003
Iqcb1	16	36828385	36872721
Golgb1	16	36875140	36933085
Hcls1	16	36934983	36963212
Polq	16	37011786	37095417
Gtf2e1	16	37509790	37539789
Rabl3	16	37539885	37572385
Ndufb4	16	37647170	37654453
Fstl1	16	37776873	37836514
Lrrc58	16	37868389	37888858
Gsk3b	16	38089001	38246084
Nr1i2	16	38248323	38294824
Cox17	16	38346991	38352763
Popdc2	16	38362209	38378216
Pla1a	16	38396117	38433145
Adprh	16	38444030	38452703
Cd80	16	38455561	38496335
Timmdc1	16	38498347	38522663
Poglut1	16	38525137	38550258
Tmem39a	16	38558698	38592162
Arhgap31	16	38598340	38713274
B4galt4	16	38742264	38769049
Zbtb20	16	42875881	43642602
Ccdc191	16	43889800	43964314
Gramd1c	16	43980350	44063345
Atp6v1a	16	44085402	44139705
Naa50	16	44139830	44163366
Usf3	16	44173246	44227465
Sidt1	16	44240180	44333196
Spice1	16	44347121	44388497
Nepro	16	44724301	44737284
Gtpbp8	16	44736768	44746363
Cd200r1	16	44765736	44794978
Cd200r4	16	44811733	44839150
Cd200r3	16	44943678	44981380
Ccdc80	16	45093402	45128077
Slc35a5	16	45139573	45158706
Atg3	16	45158785	45188538
Btla	16	45224315	45257670
Gcsam	16	45610380	45622867
BC016579	16	45626848	45654068
Abhd10	16	45729725	45742955
Phldb2	16	45746243	45953598
Plcxd2	16	45959263	46010218
Nectin3	16	46387706	46498525
Retnla	16	48842551	48844461
Retnlg	16	48872621	48874496
Dzip3	16	48924232	48994165
Ift57	16	49699233	49765126
Cd47	16	49800533	49915010
Bbx	16	50191844	50432390
Cblb	16	52031225	52208048
Alcam	16	52248996	52454074
Nfkbiz	16	55811375	55838899
Nxpe3	16	55839953	55895285
Cep97	16	55899888	55934855
Zbtb11	16	55973883	56008913
Pcnp	16	56007245	56029739
Trmt10c	16	56032609	56037819
Senp7	16	56048338	56190012
Tfg	16	56690332	56717450
Tmem45a	16	56805161	56886166
Tomm70a	16	57121703	57156705
Nit2	16	57156665	57167341
Tbc1d23	16	57168862	57231504
Cmss1	16	57302000	57606864
Filip1l	16	57353093	57573126
Col8a1	16	57624258	57754737
Dcbld2	16	58408443	58469727
St3gal6	16	58468125	58524243
Cpox	16	58670292	58717636
Cldnd1	16	58727910	58734251
Riox2	16	59471775	59492461
Crybg3	16	59490775	59600979
Arl6	16	59612949	59639391
Nsun3	16	62732444	62786818
Arl13b	16	62793685	62847040
Pros1	16	62854307	62929346
4930453N24Rik	16	64751751	64771161
Zfp654	16	64780347	64851652
Cggbp1	16	64851996	64859507
Chmp2b	16	65539128	65562726
Gbe1	16	70313949	70569716
Hspa13	16	75745431	75767104
Samsn1	16	75858793	76022281
Nrip1	16	76287400	76373827
Gm9843	16	76403251	76403652
Usp25	16	77013706	77116780
Cxadr	16	78301489	78359774
D16Ertd472e	16	78540338	78576708
Jam2	16	84774123	84825928
Atp5j	16	84827866	84835625
Gabpa	16	84834925	84863779
App	16	84949685	85173766
Adamts1	16	85793827	85803113
Adamts5	16	85856173	85901828
N6amt1	16	87354185	87368742
Ltn1	16	87376651	87432612
Rwdd2b	16	87433407	87440573
Usp16	16	87454703	87483517
Cct8	16	87483326	87495873
Bach1	16	87698945	87733346
Tiam1	16	89787111	90143769
Sod1	16	90220754	90226329
Scaf4	16	90225680	90284503
Hunk	16	90386013	90499553
Mis18a	16	90719312	90727404
Urb1	16	90751527	90810413
Eva1c	16	90826719	90905109
Synj1	16	90936092	91011308
Paxbp1	16	91014037	91044543
Ifnar2	16	91372783	91405589
Il10rb	16	91406164	91425834
Ifnar1	16	91485238	91507441
Ifngr2	16	91547072	91565623
Tmem50b	16	91574503	91597800
Gart	16	91621186	91646952
Son	16	91647506	91679221
Donson	16	91676808	91688770
Atp5o	16	91684398	91926982
Cryzl1	16	91689322	91728975
Itsn1	16	91729281	91920597
Slc5a3	16	92058322	92087473
Smim11	16	92301286	92313041
Rcan1	16	92391953	92470867
Clic6	16	92485736	92541243
Runx1	16	92601466	92826149
Setd4	16	93583457	93604063
Cbr1	16	93605853	93610505
Cbr3	16	93683215	93690990
Morc3	16	93832121	93876073
Chaf1b	16	93883901	93906115
Hlcs	16	94128882	94313571
Ripply3	16	94328420	94336935
Pigp	16	94358763	94371842
Ttc3	16	94370618	94469343
Dyrk1a	16	94570010	94695517
Erg	16	95359169	95586593
Ets2	16	95702075	95721051
Psmg1	16	95979933	95990960
Brwd1	16	95992092	96082526
Hmgn1	16	96120618	96127729
Wrb	16	96145407	96157852
Igsf5	16	96361668	96422121
Itgb2l	16	96422288	96443619
Bace2	16	97356742	97442936
Mx1	16	97447035	97462907
Fam3b	16	97470965	97514816
Tmprss2	16	97564682	97611195
Ripk4	16	97741933	97763787
Prdm15	16	97791467	97851850
C2cd2	16	97855209	97962598
Zbtb21	16	97943357	97962622
Scaf8	17	3114972	3198859
Tiam2	17	3326573	3531344
Tfb1m	17	3519256	3557781
Arid1b	17	4994332	5347656
Tmem242	17	5410870	5440259
Zdhhc14	17	5492557	5753811
Snx9	17	5841329	5931954
Synj2	17	5941280	6044290
Gtf2h5	17	6079786	6086517
Tulp4	17	6106437	6251128
Tmem181a	17	6256860	6308314
Dynlt1f	17	6646602	6655900
Ezr	17	6738041	6782784
Tagap1	17	6955011	6961156
Rnaset2b	17	6970634	7011299
Fndc1	17	7738569	7827302
Tagap	17	7926000	7934897
Rnaset2a	17	8115445	8148097
Fgfr1op	17	8165501	8196804
Ccr6	17	8236043	8257141
Mpc1	17	8282904	8297661
Sft2d1	17	8311102	8327442
Pde10a	17	8525372	8986648
Qk	17	10202601	10319854
Agpat4	17	12118704	12219645
Map3k4	17	12227621	12318796
Igf2r	17	12682406	12769664
Tcp1	17	12915701	12925067
Acat3	17	12923813	12940600
Acat2	17	12942890	12960747
Wtap	17	12966796	12994169
Sod2	17	13006846	13040063
Tcte2	17	13712444	13761825
Afdn	17	13760539	13906150
Smoc2	17	14279506	14404790
Thbs2	17	14665500	14694235
1600012H06Rik	17	14943184	14959570
Phf10	17	14945009	14961273
Ermard	17	15041208	15090044
Dll1	17	15367354	15376872
Fam120b	17	15396202	15433583
Psmb1	17	15475021	15499751
Tbp	17	15499888	15528379
Pdcd2	17	15519208	15527301
Prdm9	17	15543079	15564354
Chd1	17	15704967	15772610
Rgmb	17	15803188	15831039
Lnpep	17	17521410	17625050
Spaca6	17	17827158	17843009
Fpr1	17	17876471	17883940
Fpr2	17	17887824	17893952
Gm7535	17	17911040	17912816
Ppp2r1a	17	20945311	20965916
Zfp160	17	21008903	21043070
Zfp51	17	21450374	21465587
Zfp53	17	21488998	21510473
Zfp52	17	21535539	21562601
Zfp948	17	21567008	21588699
Zfp760	17	21707741	21725636
Zfp820	17	21816885	21845772
Zfp942	17	21926960	21962464
Zfp943	17	21962552	22071168
Zfp994	17	22197265	22225616
Zfp944	17	22337989	22361400
Zfp758	17	22361453	22377281
Zfp946	17	22424222	22456689
Zfp945	17	22846697	22867134
Zfp40	17	23173869	23193252
Zfp13	17	23575844	23599487
Thoc6	17	23668614	23673882
Hcfc1r1	17	23673596	23675227
Tnfrsf12a	17	23675445	23677468
Cldn6	17	23679249	23682446
Pkmyt1	17	23726336	23736735
Paqr4	17	23736186	23740867
Flywch1	17	23752793	23771602
Srrm2	17	23790532	23824741
Elob	17	23824738	23829136
Prss32	17	23843855	23859779
Prss22	17	23993534	23998100
Kctd5	17	24047734	24073485
Pdpk1	17	24073680	24150924
Amdhd2	17	24155833	24163766
Tbc1d24	17	24175431	24205562
Ccnf	17	24222198	24251484
Abca3	17	24351950	24410201
Rnps1	17	24414565	24425901
Eci1	17	24426641	24439348
E4f1	17	24443778	24470313
Pgp	17	24470392	24473110
Mlst8	17	24473551	24479078
Traf7	17	24508562	24527938
Pkd1	17	24549834	24596508
Tsc2	17	24595816	24632630
Nthl1	17	24632680	24638837
Slc9a3r2	17	24639286	24650327
Zfp598	17	24669687	24682016
Gfer	17	24693187	24696156
Noxo1	17	24696234	24700529
Tbl3	17	24697949	24707660
Ndufb10	17	24722060	24724478
Msrb1	17	24736642	24742778
Hagh	17	24840143	24864450
Fahd1	17	24848892	24850364
Nubp2	17	24882611	24886349
Spsb3	17	24886643	24892152
Mapk8ip3	17	24892153	24936977
Cramp1l	17	24961226	25015788
Ift140	17	25016085	25099495
Telo2	17	25099570	25115967
Clcn7	17	25133391	25162104
BC003965	17	25184554	25187662
Gnptg	17	25233331	25240124
Tsr3	17	25240170	25242798
Ube2i	17	25261916	25274622
Cacna1h	17	25374285	25433783
Lmf1	17	25579085	25662826
Chtf18	17	25718926	25727419
Rpusd1	17	25727670	25731464
Msln	17	25748613	25754378
Narfl	17	25773776	25783332
Haghl	17	25779843	25785673
Fam173a	17	25790080	25792901
Metrn	17	25793221	25797136
Fbxl16	17	25809085	25821255
Wdr24	17	25823627	25828730
Jmjd8	17	25828867	25831843
Stub1	17	25830505	25833404
Rhot2	17	25838457	25844851
Wdr90	17	25844771	25861501
Mettl26	17	25875074	25877169
Rab40c	17	25882114	25919727
Pigq	17	25926421	25944936
Capn15	17	25958364	25985796
Rab11fip3	17	25989036	26069555
Decr2	17	26081208	26090337
Nme4	17	26091734	26095602
Gm8186	17	26098991	26099221
Tmem8	17	26113299	26123254
Axin1	17	26138688	26195811
Arhgdig	17	26199183	26207786
Rgs11	17	26202951	26211324
Fam234a	17	26211822	26244242
Luc7l	17	26252896	26285504
Neurl1b	17	26414829	26446349
Dusp1	17	26505590	26562128
Gm8225	17	26542760	26543715
Ergic1	17	26561489	26656934
Atp6v0e	17	26663231	26699647
Crebrf	17	26715650	26776635
Bnip1	17	26781066	26792565
Kifc5b	17	26917091	26932583
Phf1	17	26933052	26937908
Cuta	17	26933819	26939569
Ggnbp1	17	27017987	27037624
Bak1	17	27019810	27029009
Itpr3	17	27057304	27122223
Uqcc2	17	27122663	27133916
Lemd2	17	27189600	27204469
Hmga1	17	27556497	27563674
AI413582	17	27563573	27565756
Nudt3	17	27579382	27623495
Pacsin1	17	27655509	27711482
Spdef	17	27714352	27728955
Snrpc	17	27838150	27851968
Uhrf1bp1	17	27856441	27900041
Taf11	17	27901122	27909844
Anks1	17	27909306	28062775
Zfp523	17	28177129	28205886
Def6	17	28207778	28228608
Ppard	17	28232700	28301474
Fance	17	28313519	28326572
Tead3	17	28331671	28350817
Fkbp5	17	28399094	28517527
Srpk1	17	28587648	28622709
Mapk14	17	28691329	28748406
Mapk13	17	28769297	28780233
Brpf3	17	28801090	28839949
Kctd20	17	28951950	28969549
Stk38	17	28970880	29007995
Srsf3	17	29032628	29043373
Cdkn1a	17	29090976	29100727
Rab44	17	29114145	29148980
Ppil1	17	29250803	29264186
BC004004	17	29268788	29314065
Pi16	17	29317680	29330593
Mtch1	17	29332072	29347934
Fgd2	17	29360914	29379661
Pim1	17	29490753	29496112
Tbc1d22b	17	29549785	29606898
Rnf8	17	29614790	29644991
Cmtr1	17	29660595	29705979
Ccdc167	17	29687357	29717044
Mdga1	17	29827949	29970087
Zfand3	17	30004733	30210828
Btbd9	17	30215524	30576488
Glo1	17	30584936	30626871
Dnah8	17	30624354	30877365
Abcg1	17	31057675	31117988
Tff3	17	31125306	31129646
Tff2	17	31141049	31144282
Tff1	17	31161395	31165277
Ubash3a	17	31207873	31246892
Slc37a1	17	31286792	31350739
Pde9a	17	31386210	31476310
Wdr4	17	31494322	31519980
Ndufv3	17	31520115	31531331
Pknox1	17	31564734	31607693
U2af1	17	31647081	31658892
Sik1	17	31844250	31855804
Rrp1b	17	32036100	32062865
Brd4	17	32196274	32284722
Akap8	17	32303672	32321238
Akap8l	17	32321424	32350607
Wiz	17	32354055	32389439
Rasal3	17	32390659	32403583
Cyp4f16	17	32536558	32551798
Cyp4f40	17	32658900	32676914
Zfp871	17	32765496	32788287
Zfp799	17	32815449	32830261
Zfp870	17	32879219	32891642
Cyp4f14	17	32905070	32917342
Cyp4f13	17	32924688	32947402
Zfp472	17	32965814	32979233
Zfp952	17	32993129	33005457
Zfp763	17	33016863	33033402
Zfp81	17	33329342	33358878
Zfp101	17	33360507	33394641
Adamts10	17	33524204	33553782
Myo1f	17	33555707	33607764
Zfp414	17	33629090	33631779
Pram1	17	33638056	33645706
Hnrnpm	17	33646233	33686860
March2	17	33685692	33718670
Rab11b	17	33742484	33760530
Angptl4	17	33773750	33781830
Kank3	17	33810519	33822918
Ndufa7	17	33824572	33838317
Cd320	17	33843091	33849774
Kifc1	17	33875659	33890661
Daxx	17	33909414	33915590
Tapbp	17	33915899	33929292
Zbtb22	17	33915904	33919325
Rgl2	17	33929543	33937687
Pfdn6	17	33938821	33940343
Wdr46	17	33940660	33949697
Vps52	17	33955812	33967035
H2-K1	17	33996017	34000347
Ring1	17	34020792	34024680
H2-Ke6	17	34026033	34028060
Slc39a7	17	34028269	34031682
Rxrb	17	34031812	34038399
H2-Oa	17	34092340	34095234
Brd2	17	34112023	34122634
H2-DMa	17	34119541	34139101
H2-DMb2	17	34143307	34151555
H2-DMb1	17	34153072	34160230
Psmb9	17	34181987	34187764
Tap1	17	34187553	34197225
Psmb8	17	34197721	34201454
Tap2	17	34203527	34216321
H2-Ob	17	34238903	34254414
H2-Ab1	17	34257689	34269419
H2-Aa	17	34282744	34287823
H2-Eb1	17	34305867	34316674
Gpsm3	17	34589806	34591754
Pbx2	17	34591266	34597400
Rnf5	17	34601091	34603690
Agpat1	17	34604262	34613449
Egfl8	17	34613349	34615971
Ppt2	17	34616662	34628510
Fkbpl	17	34644764	34646324
Atf6b	17	34647146	34655074
Tnxb	17	34670535	34719815
C4b	17	34728380	34743882
Cyp21a1	17	34801348	34804561
Stk19	17	34823993	34836945
Dxo	17	34837019	34839233
Skiv2l	17	34839228	34850210
Nelfe	17	34850391	34856372
Cfb	17	34856374	34862518
C2	17	34862604	34898265
Zbtb12	17	34879483	34896867
Ehmt2	17	34898469	34914052
Slc44a4	17	34914466	34930436
Neu1	17	34931253	34935953
Hspa1b	17	34956436	34959238
Hspa1a	17	34969190	34972156
Lsm2	17	34981862	34985891
Vars	17	35000987	35016322
Msh5	17	35028605	35046745
Clic1	17	35049966	35058749
Ddah2	17	35059035	35062095
Abhd16a	17	35089263	35102987
Csnk2b	17	35116196	35122053
Gpank1	17	35121455	35124814
D17H6S53E	17	35126373	35128855
Bag6	17	35135178	35147322
Prrc2a	17	35149076	35164897
Aif1	17	35170991	35176068
Lst1	17	35185095	35188439
Ltb	17	35194439	35196320
Tnf	17	35199381	35202007
Nfkbil1	17	35220175	35235792
Ddx39b	17	35241746	35253707
H2-D1	17	35262730	35267499
H2-Q4	17	35379617	35385290
H2-Q6	17	35424850	35430055
H2-Q7	17	35439155	35443773
H2-Q10	17	35470089	35474563
Tcf19	17	35512734	35516824
Cchcr1	17	35517100	35531015
Vars2	17	35655634	35667592
Gtf2h4	17	35667730	35673739
Ddr1	17	35681567	35704621
Ier3	17	35821684	35822923
Flot1	17	35823230	35832791
Tubb5	17	35833921	35838306
Mdc1	17	35841515	35859670
Nrm	17	35861318	35865402
Ppp1r18	17	35865593	35875596
Dhx16	17	35879819	35892670
2310061I04Rik	17	35892677	35897431
Atat1	17	35897595	35910075
Ppp1r10	17	35916434	35932283
Abcf1	17	35956819	35969761
Prr3	17	35972541	35980236
Gnl1	17	35979851	35989462
H2-T24	17	36005695	36020560
H2-T23	17	36029773	36032855
H2-T22	17	36037128	36042747
Trim39	17	36258873	36272247
Trim26	17	36837134	36859398
Trim15	17	36860691	36867210
Trim10	17	36869574	36877833
Trim40	17	36881598	36890123
Trim31	17	36898118	36910214
Ppp1r11	17	36948356	36951741
Znrd1	17	36954356	36958559
Znrd1as	17	36958592	36965625
H2-M5	17	36984061	36989537
Gabbr1	17	37045966	37075067
Ubd	17	37193892	37196095
H2-M3	17	37270220	37274484
H2-M2	17	37480851	37483552
Rhag	17	40811126	40840754
9130008F23Rik	17	40875482	40880559
Cenpq	17	40923051	40935047
Cd2ap	17	42792951	42876665
Tnfrsf21	17	43016555	43089189
Mep1a	17	43474324	43502812
Pla2g7	17	43568098	43612201
Cyp39a1	17	43667425	43751431
Enpp5	17	44078813	44086567
Enpp4	17	44096308	44105809
Clic5	17	44188584	44280172
Runx2	17	44495987	44814797
Supt3	17	44777152	45119290
Cdc5l	17	45391884	45433737
Aars2	17	45506841	45520843
Nfkbie	17	45555703	45563169
Slc35b2	17	45563874	45567671
Hsp90ab1	17	45567775	45573271
Slc29a1	17	45585200	45599606
Tmem63b	17	45660171	45686905
Vegfa	17	46016993	46032369
Mad2l1bp	17	46147387	46153553
Gtpbp2	17	46161032	46169370
Xpo5	17	46202782	46243598
Polr1c	17	46243920	46248054
Yipf3	17	46248080	46252537
Tjap1	17	46257851	46283026
Abcc10	17	46303221	46328352
Zfp318	17	46383731	46420920
Dnph1	17	46496711	46499624
Srf	17	46548329	46556175
Ptk7	17	46564471	46629504
Klc4	17	46630624	46646022
Cul7	17	46650337	46664364
Rrp36	17	46666324	46674352
Klhdc3	17	46674550	46680914
Mea1	17	46678793	46683111
Ppp2r5d	17	46682991	46705111
Pex6	17	46711463	46725541
Cnpy3	17	46735705	46752214
2310039H08Rik	17	46772635	46773396
Tbcc	17	46890684	46891847
Ubr2	17	46928295	47010556
Guca1a	17	47394558	47400584
AI661453	17	47436615	47470638
Taf8	17	47483364	47502292
Ccnd3	17	47505051	47599691
Bysl	17	47599331	47611492
Med20	17	47611582	47624418
Usp49	17	47630690	47686738
Pgc	17	47726842	47734482
Tfeb	17	47737030	47792419
Mdfi	17	47815328	47834691
Foxp4	17	47867133	47924645
9830107B12Rik	17	48125605	48146268
A530064D06Rik	17	48149126	48167275
Trem1	17	48232768	48246924
Trem3	17	48247777	48258841
Treml4	17	48264295	48275360
Treml2	17	48299498	48312533
B430306N03Rik	17	48316141	48327024
Trem2	17	48346401	48354147
Nfya	17	48386885	48409906
Oard1	17	48410014	48417266
Tspo2	17	48447907	48451522
Unc5cl	17	48454901	48539714
Mocs1	17	49428362	49455435
Rftn1	17	49992257	50190674
Plcl2	17	50509403	50688484
Gm7334	17	50698688	50699443
Tbc1d5	17	50733124	51179352
Satb1	17	51736187	51833290
Rab5a	17	53479234	53507680
Kat2b	17	53566861	53672720
Sult1c2	17	53829637	53846339
Pot1b	17	55651951	55712628
Adgre4	17	55749984	55853662
Zfp959	17	55892093	55898928
Zfp119b	17	55938381	55949500
Ebi3	17	55952640	55957022
Stap2	17	55997077	56005584
Mpnd	17	56005711	56016790
Sh3gl1	17	56016750	56036635
Chaf1a	17	56040439	56072289
Ubxn6	17	56067045	56075028
Lrg1	17	56119678	56122001
Sema6b	17	56123085	56140343
Tnfaip8l1	17	56162477	56173955
Mydgf	17	56175744	56183920
Dpp9	17	56186807	56218905
Fem1a	17	56256810	56263610
Ticam1	17	56269319	56276786
Plin3	17	56277476	56292873
Uhrf1	17	56303321	56323486
Kdm4b	17	56326062	56402870
Ptprs	17	56412426	56476483
Safb2	17	56560965	56584585
Safb	17	56584825	56606294
Lonp1	17	56614297	56626887
Ranbp3	17	56673294	56711764
Vmac	17	56713936	56718022
Ndufa11	17	56717767	56722141
Dus3l	17	56764757	56770093
Rfx2	17	56775897	56831013
1700061G19Rik	17	56875477	56888904
Mllt1	17	56892611	56935415
Clpp	17	56990305	56996188
Alkbh7	17	56997339	56999322
Gtf2f1	17	57003405	57011288
Khsrp	17	57021051	57031522
Slc25a23	17	57043711	57059863
Crb3	17	57059105	57065918
Dennd1c	17	57065905	57078514
Tnfsf9	17	57105325	57107757
Tnfsf14	17	57189492	57194177
C3	17	57203970	57228136
Gpr108	17	57234635	57248446
Trip10	17	57249455	57263665
Vav1	17	57279100	57328031
Adgre1	17	57358691	57483527
Nudt12	17	58999618	59013372
Efna5	17	62604184	62881317
Fbxl17	17	63057452	63500017
Fer	17	63863062	64139496
Pja2	17	64281005	64331916
Man2a1	17	64600736	64755110
Vapa	17	65578327	65613555
Rab31	17	65651729	65772752
Ppp4r1	17	65782573	65841926
Ralbp1	17	65848418	65885798
Twsg1	17	65921972	65951226
Ankrd12	17	65965698	66077089
Ndufv2	17	66078638	66101559
Washc1	17	66111545	66120503
Ddx11	17	66123520	66152174
Mtcl1	17	66336982	66449750
Rab12	17	66494512	66519729
Ptprm	17	66666947	67354457
Epb41l3	17	69075683	69289989
Zbtb14	17	69383050	69391199
Tgif1	17	70844205	70853546
Myl12b	17	70973133	70990890
Myl12a	17	70993656	71002878
Lpin2	17	71182560	71249817
Emilin2	17	71252172	71311978
Smchd1	17	71344489	71475343
Gm4707	17	71458327	71459918
Ndc80	17	71496100	71526857
Wdr43	17	71615895	71659031
Ypel5	17	72836453	72851195
Lbh	17	72918305	72941947
Lclat1	17	73107985	73243368
Xdh	17	73883895	73950196
Memo1	17	74199036	74295521
Dpy30	17	74299474	74323944
Spast	17	74338987	74391115
Slc30a6	17	74395608	74424221
Nlrc4	17	74425438	74459142
Yipf4	17	74489493	74500277
Birc6	17	74528295	74703356
Ttc27	17	74717732	74863570
Ltbp1	17	75005568	75392512
Rasgrp3	17	75435896	75529054
Fam98a	17	75537086	75551946
Crim1	17	78200248	78376592
Fez2	17	78369212	78418152
Strn	17	78649913	78737196
Heatr5b	17	78752898	78835364
Gpatch11	17	78835567	78848308
Eif2ak2	17	78852564	78882573
Cebpzos	17	78916500	78920306
Cebpz	17	78919006	78937066
Ndufaf7	17	78937136	78948052
Prkd3	17	78949405	79020816
Qpct	17	79051906	79090378
Cdc42ep3	17	79333727	79355091
Rmdn2	17	79611863	79693192
Cyp1b1	17	79701537	79715061
Atl2	17	79848390	79896123
Hnrnpll	17	80029487	80062334
Galm	17	80127471	80185101
Srsf7	17	80200080	80207307
Gemin6	17	80224441	80228497
Dhx57	17	80238309	80290476
Morn2	17	80290203	80297476
Sos1	17	80393751	80480453
Map4k3	17	80580512	80728485
Thumpd2	17	81026332	81065082
Pkdcc	17	83215292	83225070
Eml4	17	83350931	83480361
Cox7a2l	17	83501918	83517330
Mta3	17	83706163	83821516
Zfp36l2	17	84183931	84187947
Thada	17	84190076	84466205
Plekhh2	17	84511895	84622138
Dync2li1	17	84626496	84655588
Abcg5	17	84658234	84683011
Ppm1b	17	84956741	85023991
Prepl	17	85063470	85090241
Srbd1	17	85984665	86145175
Prkce	17	86167785	86657919
Epas1	17	86753700	86833410
Rhoq	17	86963082	87000069
Pigf	17	86997256	87025406
Cript	17	87025550	87035810
Socs5	17	87107679	87137839
Mcfd2	17	87254443	87265935
Ttc7	17	87282886	87381769
Calm2	17	87433412	87446935
Epcam	17	87635979	87651129
Msh2	17	87672330	87723713
Msh6	17	87975062	87990892
Fbxo11	17	87990859	88065291
Foxn2	17	88440711	88490533
Ppp1r21	17	88530118	88588367
Ston1	17	88597684	88662586
Crem	18	3266048	3337748
Cul2	18	3382988	3436377
Map3k8	18	4331327	4353015
Mtpap	18	4375592	4397330
Svil	18	4920540	5119299
Zfp438	18	5210029	5334807
Zeb1	18	5591860	5775467
Arhgap12	18	6024427	6136098
Kif5b	18	6201002	6242174
Epc1	18	6435951	6516108
Rab18	18	6733905	6794429
Mpp7	18	7347959	7626866
Wac	18	7868832	7929028
Ccny	18	9312304	9450154
Colec12	18	9707595	9882644
Thoc1	18	9957906	9995489
Usp14	18	9993066	10045119
Rock1	18	10064401	10182045
Greb1l	18	10325177	10562940
Esco1	18	10566507	10610352
Snrpd1	18	10617775	10642079
Mib1	18	10725548	10818704
Gata6	18	11052064	11085635
Rbbp8	18	11633276	11745221
Cables1	18	11839220	11945630
Tmem241	18	11964450	12121537
Riok3	18	12128741	12157387
Npc1	18	12189692	12236400
Lama3	18	12333819	12583013
Ttc39c	18	12599896	12738863
Osbpl1a	18	12755314	12941841
Impact	18	12955852	12992950
Ss18	18	14624198	14682914
Taf4b	18	14783245	14900359
Kctd1	18	14968685	15151446
Cdh2	18	16588877	16809246
Dsc2	18	20030633	20059554
Dsg2	18	20558074	20604521
Ttr	18	20665280	20674321
Gm10269	18	20682594	20682963
B4galt6	18	20684599	20746404
Trappc8	18	20817223	20896093
Rnf125	18	20944625	20983862
Rnf138	18	21001341	21028224
Garem1	18	21127201	21300138
Mapre2	18	23752333	23893861
Zfp397	18	23954692	23964673
Zfp35	18	23989632	24005376
Zfp24	18	24009702	24020810
Ino80c	18	24104757	24121953
Galnt1	18	24205344	24286818
2700062C07Rik	18	24470850	24477798
Rprd1a	18	24484960	24530204
Slc39a6	18	24579881	24603817
Elp2	18	24602866	24639507
Mocos	18	24653691	24701575
Tpgs2	18	25127223	25169007
AW554918	18	25168999	25467321
Celf4	18	25477632	25754157
Pik3c3	18	30272747	30348126
Slc25a46	18	31556111	31609911
Sap130	18	31634371	31723061
Ammecr1l	18	31759826	31782743
Polr2d	18	31789159	31796701
Wdr33	18	31804090	31907397
Sft2d3	18	31909098	31911824
Lims2	18	31922290	31958619
Myo7b	18	31959234	32036961
Iws1	18	32067741	32104328
Proc	18	32123126	32139570
Map3k2	18	32163089	32236751
Ercc3	18	32240300	32270151
Bin1	18	32377230	32435737
Gypc	18	32528322	32560034
Wdr36	18	32837225	32867594
Camk4	18	32934931	33191228
Stard4	18	33199355	33213862
Nrep	18	33437019	33464029
Epb41l4a	18	33796327	34006966
Apc	18	34220924	34322552
Srp19	18	34330847	34336599
Reep5	18	34344885	34374070
Fam13b	18	34442351	34506831
Brd8	18	34598615	34624601
Kif20a	18	34624613	34633277
Cdc23	18	34630951	34651735
Cdc25c	18	34732993	34751533
Gm3550	18	34736359	34738014
Fam53c	18	34758906	34773760
Kdm3b	18	34777047	34838660
Egr1	18	34859823	34864984
Etf1	18	34902785	34932007
Hspa9	18	34937414	34954357
Ctnna1	18	35118859	35254779
Sil1	18	35266396	35499780
Matr3	18	35562138	35593835
Paip2	18	35598617	35617187
Slc23a1	18	35614604	35627244
Mzb1	18	35647267	35649367
Spata24	18	35656689	35662186
Dnajc18	18	35671103	35708414
1700066B19Rik	18	35703225	35730869
Ecscr	18	35713086	35722356
Tmem173	18	35733679	35740554
Ube2d2a	18	35771558	35809494
Cxxc5	18	35829397	35861688
Pura	18	36281097	36292535
Igip	18	36298679	36301517
Cystm1	18	36342520	36403097
Pfdn1	18	36403676	36454524
Hbegf	18	36504927	36515805
Ankhd1	18	36559987	36658913
Sra1	18	36666681	36670815
Slc35a4	18	36679215	36683861
Cd14	18	36725067	36726798
Tmco6	18	36735039	36742397
Ndufa2	18	36742332	36744557
Ik	18	36744656	36757639
Wdr55	18	36760220	36763810
Hars	18	36766528	36783205
Hars2	18	36783008	36792562
Zmat2	18	36793876	36799666
Taf7	18	37640491	37644204
Pcdhgc4	18	37815079	37841873
Diaph1	18	37843601	37935476
Hdac3	18	37935844	37955016
Fchsd1	18	37957431	37969774
Arap3	18	37972628	37998969
Pcdh1	18	38185914	38212053
Rnf14	18	38284537	38317849
Gnpda1	18	38327535	38339003
Ndfip1	18	38410396	38465303
Spry4	18	38586247	38601415
Arhgap26	18	38676718	39110534
Fgf1	18	38838673	38929472
Nr3c1	18	39410545	39519421
Yipf5	18	40203896	40219429
Prelid2	18	41875600	41951242
Sh3rf2	18	42053667	42158960
Lars	18	42202298	42262194
Rbm27	18	42275353	42341542
Tcerg1	18	42511487	42575793
Dpysl3	18	43320984	43438286
Eif3j2	18	43475418	43477796
Jakmip2	18	43531407	43687773
Dcp2	18	44380502	44424969
Mcc	18	44425060	44812182
Ythdc2	18	44827746	44889724
Trim36	18	46165300	46212607
Pggt1b	18	46235351	46280993
Ccdc112	18	46282151	46311928
Fem1c	18	46501746	46525971
Ticam2	18	46557291	46574533
Tmed7	18	46560235	46597535
Eif1a	18	46597701	46616456
Atg12	18	46730144	46741580
Ap3s1	18	46741876	46790826
Commd10	18	46958816	47234284
Sema6a	18	47235598	47368870
Eno1b	18	48045335	48048412
Dtwd2	18	49696145	49755601
Dmxl1	18	49832670	49965473
Tnfaip8	18	49979427	50107173
Hsd17b4	18	50128201	50196269
Srfbp1	18	52465693	52491931
Lox	18	52516067	52529867
Snx2	18	53176316	53220865
Snx24	18	53245662	53390920
Ppic	18	53406332	53418115
Cep120	18	53681723	53744608
Csnk1g3	18	53862122	53955548
Zfp608	18	54888048	54992555
Gramd3	18	56400337	56503792
Aldh7a1	18	56509687	56572951
Phax	18	56562443	56587712
Lmnb1	18	56707813	56753424
C330018D20Rik	18	56955833	56975368
Prrc1	18	57354741	57392956
Slc12a2	18	57878678	57946821
Fbn2	18	58008623	58210487
Isoc1	18	58659466	58680368
Gm4951	18	60212080	60247820
Gm4841	18	60268305	60273272
Iigp1	18	60376027	60392634
Smim3	18	60474191	60501987
Dctn4	18	60526185	60558766
Rbm22	18	60560736	60572810
Synpo	18	60593973	60660142
Ndst1	18	60684494	60748650
Cd74	18	60803848	60812652
Tcof1	18	60813755	60848971
Pdgfrb	18	61045150	61085061
Csf1r	18	61100598	61132149
Hmgxb3	18	61131277	61177050
Slc26a2	18	61192919	61211612
Ppargc1b	18	61298136	61400431
Csnk1a1	18	61555274	61590061
Pcyox1l	18	61696837	61707635
Grpel2	18	61712424	61726325
Sh3tc2	18	61953075	62024402
Adrb2	18	62177816	62179959
Fbxo38	18	62504155	62548695
Napg	18	62977831	62999450
Piezo2	18	63010213	63387183
Txnl1	18	63661094	63708801
Wdr7	18	63708685	63989776
Onecut2	18	64340020	64400987
Fech	18	64452914	64490251
Nars	18	64499647	64516652
Atp8b1	18	64528967	64661267
Nedd4l	18	64887705	65217828
Malt1	18	65430938	65479067
Zfp532	18	65579912	65689443
Sec11c	18	65800515	65817684
Lman1	18	65980738	66022580
Pmaip1	18	66458533	66465565
Chmp1b	18	67205366	67207889
Mppe1	18	67225043	67245830
Impa2	18	67289186	67322472
Cidea	18	67343604	67367785
Tubb6	18	67390717	67402749
Afg3l2	18	67404764	67449172
Spire1	18	67488209	67610790
Cep76	18	67617800	67641336
Psmg2	18	67641599	67654162
Ptpn2	18	67665511	67724595
Seh1l	18	67774876	67795487
Cep192	18	67800107	67885170
Ldlrad4	18	67933257	68268630
Fam210a	18	68260187	68300333
Rnmt	18	68300355	68324852
Tcf4	18	69343356	69689079
Ccdc68	18	69925426	69969484
Rab27b	18	69979131	70141605
Dynap	18	70240429	70244582
4930503L19Rik	18	70452212	70472509
Poli	18	70508680	70530620
Mbd2	18	70568189	70626131
Mex3c	18	73573044	73592575
Smad4	18	73639009	73703780
Elac1	18	73735038	73754479
Me2	18	73769903	73815449
Ska1	18	74195299	74207818
Cxxc1	18	74216124	74221496
Mbd1	18	74267605	74282732
Myo5b	18	74440936	74771493
Acaa2	18	74779197	74806208
Lipg	18	74939322	74961263
BC031181	18	75005868	75010152
Dym	18	75018781	75286964
Smad7	18	75367529	75395935
Ctif	18	75431224	75697554
Zbtb7c	18	75820178	76148564
Smad2	18	76241580	76310963
Ier3ip1	18	76930017	76941612
Hdhd2	18	76944092	76975307
Pias2	18	77065208	77153800
Rnf165	18	77456110	77565161
8030462N17Rik	18	77631497	77714486
Haus1	18	77757567	77773886
Atp5a1	18	77773729	77782869
Epg5	18	77938465	78035013
Slc14a1	18	78100091	78142119
Setbp1	18	78750380	79109391
Adnp2	18	80126311	80151482
Rbfa	18	80192265	80200658
Gm16286	18	80206765	80212741
Txnl4a	18	80206795	80225855
Pqlc1	18	80253292	80292725
Ctdp1	18	80407959	80469695
Nfatc1	18	80606205	80713071
Atp9b	18	80734141	80934060
Mbp	18	82475146	82585637
Zfp236	18	82593593	82692883
Zfp516	18	82910663	83005314
Tshz1	18	84011627	84087706
Zadh2	18	84088063	84097528
Zfp407	18	84128027	84589725
Cndp2	18	84667465	84685702
Cyb5a	18	84838704	84879871
Timm21	18	84946191	84951524
Socs6	18	88665224	88927481
Rttn	18	88971790	89131016
Tmx3	18	90510154	90543267
Ighmbp2	19	3259076	3283017
Cpt1a	19	3322334	3385733
Ppp6r3	19	3454928	3575749
Lrp5	19	3584828	3686564
1810055G02Rik	19	3708293	3717881
Kmt5b	19	3767421	3818303
Chka	19	3851773	3894369
Tcirg1	19	3896050	3907133
Ndufs8	19	3908863	3912774
Aldh3b1	19	3913491	3929808
Unc93b1	19	3935186	3949340
Aldh3b2	19	3972328	3981646
Acy3	19	3986570	3990007
Nudt8	19	4000580	4002103
Doc2g	19	4003313	4007005
Ndufv1	19	4007384	4012806
Gstp1	19	4035407	4037985
Gstp3	19	4057477	4059569
Cdk2ap2	19	4097182	4099019
Pitpnm1	19	4099998	4113965
Aip	19	4114446	4125858
Coro1b	19	4148619	4154035
Ptprcap	19	4153604	4156751
Carns1	19	4164324	4175479
Tbc1d10c	19	4183411	4191284
Ppp1ca	19	4192065	4195420
Rad9a	19	4195196	4201662
Clcf1	19	4214238	4223490
Pold4	19	4231899	4233634
Ssh3	19	4261668	4269180
Ankrd13d	19	4270180	4283137
Grk2	19	4286001	4306222
Kdm2a	19	4314419	4398285
Rhod	19	4425459	4439432
2010003K11Rik	19	4496788	4498583
Pcx	19	4510472	4621752
Lrfn4	19	4611785	4615667
Rce1	19	4622591	4625641
Rbm4b	19	4756497	4767065
Rbm4	19	4784293	4793901
Rbm14	19	4800569	4811634
Ccs	19	4825366	4839332
Ctsf	19	4855130	4860918
Zdhhc24	19	4878668	4885397
Bbs1	19	4886878	4906628
Dpp3	19	4907229	4928287
Slc29a2	19	5023860	5031972
B4gat1	19	5038826	5041131
Brms1	19	5041354	5049917
Rin1	19	5050481	5057071
Cd248	19	5068078	5070682
Tmem151a	19	5070859	5085531
Yif1a	19	5088538	5092881
Rab1b	19	5099205	5107072
Klc2	19	5107746	5118560
Pacs1	19	5133158	5273119
Sf3b2	19	5273932	5295455
Banf1	19	5364638	5367168
Eif1ad	19	5366741	5371526
Sart1	19	5377523	5388703
Drap1	19	5422805	5424979
AI837181	19	5425144	5427313
Fosl1	19	5447547	5455946
Ccdc85b	19	5453180	5457894
Fibp	19	5460615	5465051
Ctsw	19	5465043	5468507
Efemp2	19	5473954	5482517
Mus81	19	5482345	5488402
Cfl1	19	5490455	5495201
Ap5b1	19	5568025	5571261
Rnaseh2c	19	5601873	5607019
Kat5	19	5603014	5610237
Rela	19	5637483	5648130
Sipa1	19	5651185	5663707
Pcnx3	19	5664635	5688908
Map3k11	19	5688742	5702865
Ehbp1l1	19	5707376	5726317
Sssca1	19	5728088	5731713
Ltbp3	19	5740904	5758532
Scyl1	19	5758351	5771419
Frmd8	19	5849702	5875274
Slc25a45	19	5877808	5885878
Dpf2	19	5896516	5913010
Cdc42ep2	19	5915636	5924816
Pola2	19	5940542	5964202
Capn1	19	5988545	6015897
Syvn1	19	6046576	6053712
Fau	19	6057844	6059524
Znhit2	19	6061192	6062472
Tm7sf2	19	6062821	6068373
Vps51	19	6067842	6077231
Zfpl1	19	6080762	6084956
Cdca5	19	6084983	6091777
Sac3d1	19	6116000	6118650
Snx15	19	6119399	6128304
Arl2	19	6134374	6141548
Batf2	19	6140983	6172476
Ppp2r5b	19	6227765	6235872
Atg2a	19	6241668	6262335
Ehd1	19	6276725	6300096
Cdc42bpg	19	6306456	6325652
Men1	19	6334979	6340891
Map4k2	19	6341135	6355615
Sf1	19	6363690	6378030
Rasgrp2	19	6399340	6415216
Nrxn2	19	6418731	6544169
Ccdc88b	19	6844623	6858211
Prdx5	19	6906697	6910106
Trmt112	19	6909698	6911049
Esrra	19	6910977	6921813
Gpr137	19	6938057	6942480
Bad	19	6941861	6951899
Plcb3	19	6952325	6976470
Ppp1r14b	19	6974968	6977324
Fkbp2	19	6977741	6980501
Vegfb	19	6982473	6987651
Dnajc4	19	6987911	6992572
Nudt22	19	6993018	6996117
Fermt3	19	6998958	7019469
Stip1	19	7020702	7039967
Macrod1	19	7056810	7198057
Otub1	19	7198202	7206316
Cox8a	19	7215153	7217616
Naa40	19	7225668	7241183
Rcor2	19	7267325	7275225
Mark2	19	7275396	7341860
2700081O15Rik	19	7417625	7425904
Rtn3	19	7425901	7483281
Atl3	19	7494040	7539674
Pla2g16	19	7557459	7588545
Slc3a2	19	8706882	8723369
Wdr74	19	8735827	8740624
Stx5a	19	8741413	8756069
Nxf1	19	8757073	8770922
Taf6l	19	8774487	8786417
Polr2g	19	8793127	8798577
Ttc9c	19	8809075	8819333
Hnrnpul2	19	8820010	8834143
Bscl2	19	8837467	8848683
Ubxn1	19	8871496	8875863
Uqcc3	19	8880014	8880923
Lbhd1	19	8883732	8892627
Ints5	19	8893005	8897888
Ganab	19	8898071	8916672
B3gat3	19	8920374	8927236
Rom1	19	8927391	8929356
Eml3	19	8929552	8941582
Mta2	19	8941875	8952303
Tut1	19	8953847	8966210
Eef1g	19	8967041	8978479
Ahnak	19	8989284	9076914
Asrgl1	19	9109868	9135636
Pcna-ps2	19	9283380	9284160
Incenp	19	9872296	9899551
Fth1	19	9980598	9985098
Rab3il1	19	10001669	10038380
Fads3	19	10041569	10060110
Fads1	19	10182888	10196877
Fen1	19	10199132	10204169
Tmem258	19	10204014	10207824
Myrf	19	10208272	10240748
Dagla	19	10245265	10304877
Syt7	19	10389090	10453180
Sdhaf2	19	10500534	10526142
Cpsf7	19	10525266	10547653
Tmem216	19	10533865	10556238
Tmem138	19	10570478	10577362
Tkfc	19	10587791	10605654
Ddb1	19	10605327	10629819
Vps37c	19	10688735	10714627
Cd5	19	10717116	10739002
Cd6	19	10789341	10830058
Slc15a3	19	10839727	10859362
Tmem132a	19	10857822	10869940
Tmem109	19	10870660	10882001
Prpf19	19	10895231	10909559
Ccdc86	19	10941481	10949266
Ms4a8a	19	11067471	11081102
Ms4a1	19	11249675	11266241
Ms4a7	19	11321039	11336146
Ms4a4c	19	11404770	11427246
Ms4a4b	19	11443553	11467055
Ms4a6c	19	11469366	11482192
Gm8369	19	11485938	11512577
Ms4a6b	19	11516512	11531256
Ms4a4d	19	11536801	11558467
Ms4a6d	19	11586604	11604849
Ms4a3	19	11629496	11640851
Stx3	19	11775118	11819403
Patl1	19	11912399	11945091
Osbp	19	11965941	11994112
Mpeg1	19	12460779	12465283
Dtx4	19	12466338	12501454
Fam111a	19	12545740	12589768
Zfp91	19	12763660	12796126
Lpxn	19	12796193	12833807
Tle4	19	14448150	14598051
Psat1	19	15904678	15947337
Cep78	19	15955773	15984989
Gnaq	19	16132831	16387463
Vps13a	19	16615366	16780933
Gcnt1	19	17326141	17372844
Rfk	19	17394043	17401349
Ostf1	19	18516137	18631823
Nmrk1	19	18631950	18652428
D030056L22Rik	19	18713193	18718428
Trpm6	19	18749983	18892511
Anxa1	19	20373428	20390944
Aldh1a1	19	20492715	20643465
Aldh1a7	19	20692953	20727562
Zfand5	19	21272278	21286840
Gda	19	21391307	21473445
1110059E24Rik	19	21581202	21652976
Abhd17b	19	21653185	21685637
Klf9	19	23141226	23168134
Smc5	19	23206451	23273897
Gm6563	19	23675848	23676480
Ptar1	19	23687429	23731668
Apba1	19	23758887	23949596
Tjp2	19	24094505	24225030
Fxn	19	24261453	24280605
Pip5k1b	19	24294794	24555872
Fam122a	19	24476502	24477356
Cbwd1	19	24919916	24961610
Dock8	19	24999534	25202432
Kank1	19	25236975	25434496
Smarca2	19	26605050	26778322
Vldlr	19	27216484	27254231
Pum3	19	27388698	27429825
Rfx3	19	27761721	28011166
Glis3	19	28258851	28680077
Plpp6	19	28963953	28966811
Cdc37l1	19	28990352	29026681
Ak3	19	29020833	29047961
Rcl1	19	29101375	29143929
Jak2	19	29251828	29313080
Insl6	19	29321344	29325356
Plgrkt	19	29348599	29367390
Cd274	19	29367455	29388095
Pdcd1lg2	19	29410919	29471161
Ric1	19	29522282	29606829
Ermp1	19	29608214	29648415
9930021J03Rik	19	29714402	29805989
Ranbp6	19	29808400	29812974
Il33	19	29925114	29960718
Uhrf2	19	30030513	30093722
Gldc	19	30098447	30175429
Cstf2t	19	31082837	31087069
Asah2	19	31982597	32108211
Sgms1	19	32122727	32389714
Minpp1	19	32485769	32515364
Papss2	19	32595790	32667187
Atad1	19	32671638	32739786
Pten	19	32757497	32826160
Lipo3	19	33555160	33761951
Ankrd22	19	34121469	34166053
Stambpl1	19	34192229	34240333
Acta2	19	34241090	34255590
Fas	19	34290666	34327772
Ch25h	19	34473778	34475164
Lipa	19	34492318	34527474
Ifit2	19	34550694	34576419
Ifit3	19	34583531	34588731
Ifit1bl1	19	34592891	34601956
Ifit3b	19	34607970	34613401
Ifit1bl2	19	34617049	34640743
Ifit1	19	34640871	34650009
Pank1	19	34806940	34879455
Kif20b	19	34922361	34975745
Ankrd1	19	36111961	36120099
Pcgf5	19	36348309	36460970
Hectd2	19	36554639	36621135
Ppp1r3c	19	36731731	36736653
Tnks2	19	36834232	36893477
Fgfbp3	19	36917550	36919615
Btaf1	19	36926079	37012752
Cpeb3	19	37021291	37208601
March5	19	37207543	37222151
Ide	19	37268743	37337852
Kif11	19	37376403	37421859
Hhex	19	37434810	37440731
Exoc6	19	37550418	37684059
Myof	19	37899036	38043577
Cep55	19	38055011	38074423
Ffar4	19	38097071	38114263
Rbp4	19	38116629	38125281
Fra10ac1	19	38188481	38224156
Slc35g1	19	38395980	38405610
Plce1	19	38481109	38785030
Noc3l	19	38788128	38819237
Tbc1d12	19	38836579	38919923
Hells	19	38930915	38971051
Cyp2c65	19	39061015	39093944
Pdlim1	19	40221173	40271842
Sorbs1	19	40294753	40513779
Aldh18a1	19	40550257	40588463
Tctn3	19	40596446	40612233
Entpd1	19	40612366	40741602
Ccnj	19	40831279	40848572
Zfp518a	19	40894705	40917947
Blnk	19	40928927	40994535
Tm9sf3	19	41210844	41263997
Pik3ap1	19	41272377	41385102
Lcor	19	41482637	41586536
Arhgap19	19	41766588	41802047
Frat1	19	41829970	41832583
Frat2	19	41845972	41848132
Rrp12	19	41862851	41896173
Exosc1	19	41922292	41933423
Zdhhc16	19	41933480	41944104
Mms19	19	41941086	41981157
Ubtd1	19	41981763	42034643
Hoga1	19	42045610	42070953
Pi4k2a	19	42090470	42122087
Avpi1	19	42123273	42129059
Marveld1	19	42147400	42151703
Zfyve27	19	42163951	42194590
R3hcc1l	19	42518759	42592343
Pyroxd2	19	42725858	42752775
Hps1	19	42755105	42779978
Got1	19	43499752	43524605
Nkx2-3	19	43612325	43615892
Slc25a28	19	43663801	43674881
Entpd7	19	43689672	43733697
Cox15	19	43733254	43753000
Cutc	19	43752996	43768638
Dnmbp	19	43846821	43940191
Cpn1	19	43956307	43986556
Erlin1	19	44034944	44069785
Chuk	19	44073335	44107480
Cwf19l1	19	44108637	44135876
Scd2	19	44293674	44306864
Scd4	19	44333092	44346743
Scd1	19	44394455	44407879
Ndufb8	19	44548572	44555440
Hif1an	19	44562850	44576274
Sema4g	19	44989101	45003397
Twnk	19	45005663	45012762
Lzts2	19	45014414	45027111
Sfxn3	19	45047503	45056383
Kazald1	19	45075241	45079289
Btrc	19	45363734	45530013
Poll	19	45552275	45560531
Gm17018	19	45560615	45579763
Fbxw4	19	45578254	45660312
Npm3	19	45747734	45749591
Hps6	19	46003508	46006173
Ldb1	19	46031570	46045214
Pprc1	19	46044886	46072915
Nolc1	19	46075863	46085530
Gbf1	19	46152509	46286510
Nfkb2	19	46304320	46312385
Fbxl15	19	46328184	46330446
Cuedc2	19	46329812	46338702
Mfsd13a	19	46341121	46375252
Actr1a	19	46376811	46395748
Sufu	19	46396896	46488804
Trim8	19	46501702	46516848
Arl3	19	46531096	46573198
Sfxn2	19	46573365	46598066
Wbp1l	19	46599084	46657389
Borcs7	19	46689906	46703382
As3mt	19	46707458	46741099
Cnnm2	19	46761596	46880192
Nt5c2	19	46883317	47015153
Pcgf6	19	47033617	47050906
Taf5	19	47067746	47083479
Pdcd11	19	47090768	47131865
Calhm2	19	47105353	47138294
Sh3pxd2a	19	47260174	47464401
Stn1	19	47501033	47537507
Slk	19	47579678	47645246
Sfr1	19	47731682	47735588
Cfap43	19	47736857	47919287
Gsto1	19	47854970	47864790
Gsto2	19	47865534	47886324
Xpnpep1	19	52931926	53040214
Add3	19	53140443	53247399
Mxi1	19	53310518	53375810
Smndc1	19	53379390	53390578
Dusp5	19	53529109	53542431
Smc3	19	53600398	53645833
Pdcd4	19	53892231	53929860
Bbip1	19	53929861	53944627
Shoc2	19	53944306	54033133
Acsl5	19	55251938	55297720
Zdhhc6	19	55271291	55316032
Vti1a	19	55316295	55627309
Tcf7l2	19	55741820	55933654
Casp7	19	56397129	56442344
Plekhs1	19	56461640	56486752
Dclre1a	19	56529167	56548222
Nhlrc2	19	56548261	56603503
Ccdc186	19	56787481	56822190
Afap1l2	19	56912361	57008228
Ablim1	19	57032733	57314919
Fam160b1	19	57360680	57389586
Trub1	19	57452912	57491005
Atrnl1	19	57611034	58133343
Shtn1	19	58973356	59076100
Pdzd8	19	59297178	59345780
Rab11fip2	19	59902884	59943654
Fam204a	19	60198586	60226701
Cacul1	19	60524696	60581025
Nanos1	19	60755987	60759914
Eif3a	19	60761117	60790658
Fam45a	19	60811585	60836227
Sfxn4	19	60837277	60861479
Prdx3	19	60864051	60874556
Grk5	19	60889749	61095968
Zfp950	19	61053840	61140840
Csf2ra	19	61223957	61228429
